,screen_name,name,verified,created_at,age,age_days,url,description,links,follower_count,follower_rank,avg_new_followers_per_day,favourites_count,favorites_users,avg_likes_last_50,avg_rt_last_50,user_mentions_last_50
0,Web3Alerts,Web3 Alpha Alerts,False,2021-12-30 05:26:38+00:00,74 days 23:44:01.166081,74,https://t.co/trhiC0MLE3,"Discover the hottest new projects before everyone else. Like HotNewCrypto, but free. DMs open for feedback. WAGMI :)",[],3608,1,48.75675675675676,27,"['jpb474272415', 'Web3_Z', 'BitalkNews', '_ETank', 'RiceMaximalist', 'DegenDuck2301', '0xgodking', 'slowhandeth', 'sonafuturist', 'iamyourchaos', 'Ponziedd', 'lain_crypto', 'tmdilshan_23', 'abdul_branson', 'NFTmatrix', 'ZKizzy', 'lostfloat', 'ArisGKK', '1A1zP1', 'deficook', 'Web3Alerts', 'nisarhassann']",1.06,0.18,"['SneakerSlayers', 'DefiOlympiads', 'acovamarket', '0xPolygon', 'MonarchNfv', 'reachlang', 'xcvzstake', 'METIS_GodGame', 'uiarchive', 'insignisfinance', 'ATO_Finance', 'Algorand', 'ChubbyFrogsNft', 'SmowlsNFT', 'michael_moodie', 'pfpidxyz', 'MetisStakingFi', 'KlaytnMIX', 'felixcartal', 'Eris_Finance', 'FRWCCouncil', 'GeishasGardens', 'TheWizniak', 'CoherenceFin', 'solana', 'andrewjiang', 'Broccoli_NFT', 'rossplaskow', 'hellamheim', 'shueyinu', 'CrescentHub', 'investcompound', 'SolidityB', 'topology_gg', 'BeanstalkFarms', 'MetisDAO', 'daydreamersgif', 'curatedxyz', 'NemesisFinance', '0xOnline', 'DualityFi', 'isthispublius', 'solana_devs', 'freedom_nodes', 'ValuesIndex', 'ucblockchain', 'EvmnsOrg', 'USDB_', 'CigarFinance', 'FemboyDAO', 'toddg777', 'ClubLitterbox', 'starknetplanet', 'NFTDdog', 'AbominationNft', 'arbitrum', 'Goldensocnodes', 'wordcel_club', 'enddotgame', 'AndroLibMetis']"
1,hotnewcrypto,"hotnewcrypto.com (üòà, üòà)",False,2017-07-15 00:39:36+00:00,1704 days 04:31:03.779132,1704,https://t.co/AbzvTirelW,"Scouting the stealthiest projects for you.

The official alpha provider of your favorite alpha hunters.

Join now: https://t.co/G5bCUinLsO",['https://t.co/G5bCUinLsO'],11721,2,6.878521126760563,2949,"['thekriskay', 'cryptodetweiler', 'ThinkingUSD', '0xgaut', 'cosyluv', 'nateliason', 'RyPiapy', '0xfbifemboy', 'Darrenlautf', 'vinerstein', 'DegenPing', 'MichaelTant3', '0xtuba', 'mrjasonchoi', 'lauclwerncla', 'salisbot', 'Route2FI', 'yumiikazi', 'jaiyagill', 'starterpackcryp', '0x650d', 'tarunchitra', 'nate_yup', 'r_ross_campbell', 'ava', 'KristinEIise', 'CRE8RDAO', 'ATabarrok', 'nosleepjon', 'andr3w', 'Nesotual', 'setanimals', 'dziubutkus', '0xedenau', '0xBoomerDoomer', 'flyosity', 'zachxbt', 'EtherRock', 'wilxlee', '0xalpharush', 'WuCarra', 'guywuolletjr', 'nanexcool', 'fungibles3']",2.0,61.04,"['BAYC2745', 'sayinshallah', 'thekriskay', 'matthuang', 'andrwwang', 'OlympusDAO', 'BendDAO', 'tarunchitra', 'icebergy_', 'defiprime', 'transmissions11', 'vinerstein', 'spencernoon', 'NN_Tradekax', 'dziubutkus', 'josephdelong', '0xsat', 'pmarca', 'TheStalwart', 'rektcryptofox', 'ivyhsy', '0xSisyphus', '0xtuba', '0xrooter', 'bigdsenpai', 'a16z', 'Not3Lau_Capital', 'nateliason', 'CyphrETH', 'CRE8RDAO', 'WSB__Chairman', 'gabrielhaines', 'cz_binance', 'kenchangh', 'Darrenlautf', 'paradigm', 'NourHaridy', 'FEhrsam', 'AstariaXYZ', 'LilMoonLambo', 'hotnewcrypto', '0xBoomerDoomer', 'ASvanevik', 'Route2FI']"
2,1000xGemsKing,1000x Gems King,False,2020-01-19 07:24:14+00:00,785 days 21:46:26.451836,785,https://t.co/NcSL6O9yg6,"#1000xgem #Next100XGEMS #NFT  #100xgem  #BSC #BTC #BSCGem #Bitcoin   #Solana #Metavers #BNB #Meta #WEB3  #ETH #Gems.

Must #DYOR Before buy #Crypto  . üî•üöÄüåí",[],247053,3,314.7171974522293,789,"['1000xGemsKing', 'New100xGems', 'Ripple', 'cz_binance', 'elonmusk', 'TheBinanceNFT', 'colspromote', 'AirpayFinance', 'thenovatar', 'GCryptoBen', 'adsharesNet', 'WazirXIndia', 'NatashaCryptoUS', 'iSafePal', 'Gem_Catcher_G', 'evelynscrypto', 'nileshnahar73', 'Eli_maty_pepi', 'oo_lakunle', 'BitcoinBill_100', 'LiamSmi06363503', 'Charlie_Charts1', 'ZiliusMindaugas', 'tongton86649197', 'Yuliia25', 'nardxs', 'rendyfitrian', 'CRYPT0KlD', 'andi_setiy', 'CryptoCuke']",0.04,0.0,"['metaflokirush', 'GreenChartBSC', 'Bobatama', 'samuraiverse', 'ICPSquad', 'Hurriannetwork', 'DPMonksFinance', 'ImmortalEth', 'Babyshibatoken', 'batcoinofficia1', 'AVATAR_AVAX', 'StrongNodeEdge', 'ShiBurnETH', 'punch_club_NFT', 'FungieDAO', 'OfficialTravlad', 'PiElonToken', 'Legendary_Retro', 'TheSandstormYT', 'ftsmonsterio', 'CaramelToken', 'HerosToken', 'TyanB1', 'Shinobi1Warrior', 'subsquid', 'MMFcrypto', 'RadiantGloryRGN', 'AirpayFinance', 'LiberoFinancial', 'ShikageEth', 'trust_recruit', 'CryptoGems001', 'BulbFi', 'RaiderToken', 'FlokiCharms', 'apexnodes', 'ArabianDoge', 'cryptoworld202', 'product6803', 'ethernalfinance', 'Yonix_NFT', 'cryptocom', 'yoniartnft', 'BabyWhaleOF', 'DANCEMONKEYBSC', 'DpadFinance', 'UNCX_token', 'JiraiyaReal', 'OverMoonToken', 'NomicsFinance', 'CatopiaToken', 'Kuncicoin_id', 'RoboInuFinance', 'equitycoinbsc', 'chloecrxpto', 'alcar_land', 'MEXC_Global', 'ItsDannyTDJ', 'XRILLAZ', 'TheDAOofNirvana', 'XBNB_Official', 'ChihiroInuETH', 'RLNodeDistrict']"
3,ElenaCryptoBaby,CryptoBaBy #NFTs,False,2021-06-28 21:34:39+00:00,259 days 07:36:02.303110,259,https://t.co/6BskwYZJSI,Hodlüî∏ Potentiallyüî∏ Promising üî∏Gems üî∏NFTs #Defi #ETH  #Bitcoin #BNB  #TRX #NFTs #Solana,[],88048,2,339.95366795366795,9477,"['AshleyDCan', 'cz_binance', 'SpintopNetwork', 'saitanobi', 'VetInuToken', 'TransitCoins', 'estatexeu', 'Kuncicoin_id', 'shibaverse_io', 'bezoge', 'pay_rue', 'TheRedApeFamily', 'getir', 'binance', 'MetaKongBSC', 'Micro_tuber', 'Euronin_io', 'shib_vinci', 'RealFlokiCat', 'AirpayFinance', 'CATMuskCoin', 'MindProtocol', 'SunriseGaming_d', 'TowerVerse', 'OnyxTokenBSC', 'BetDaoOfficial', 'BitTorrent', 'Bobatama', 'HuobiGlobal', 'Shiryo_Official', 'versteeg_jelle', 'CatFunToken', 'YupVerse', 'elonmusk', 'EpicFinance_', 'ELOC_Army', 'shiburai_token', '21realcoins', 'FCBarcelona_es', 'BulbFi', 'theparktoken', 'moonforcetoken', 'garyhgoodridge', 'Token_Traxx', 'greencandlecoin', 'MetanoFinance']",18.3,30.34,"['RealFlokiCat', 'Bobatama', 'CATMuskCoin', 'XBNB_Official', 'GalaxyHeroesGHC', 'jianghu23412094', 'VT6688', 'Micro_tuber', 'HeroInfinityETH', 'GaryNonFungible', 'bsc_daily', 'CryptoHELPToken', 'ShibetoshiToken', 'elonmoonspace', 'MetoshiRedpanda', 'theparktoken', 'ForusPlatform', 'ZachBoychuk', 'bitcrusharcade', 'launchercoin', 'BabyDogeCoin', 'GHC_Army', 'Minicheebs', 'flokieasterbsc', 'cryptokhloe_', 'TopGainbsc', 'MetaKongBSC', 'metaking_nft', 'RealFlokiInu', 'AirpayFinance', 'shebatokenbsc', 'ayucharlottee', 'BOREMON_BSC', 'nekocoinbsc', 'babycheemsinu', 'KISSKISSMETA', 'BrianSumner420', 'MindProtocol', 'dxsale', 'CargoLinkCLX', 'htc', 'AugmentedUniver', 'ultramineapy', 'ZillaSafuu', 'Nerve_flux', 'CatFunToken', 'gamefiboost', 'GHC_Marketer', 'MetaHousebsc', 'elonmusk', 'CatsRaceBSC', 'VoxelXnetwork', 'mimi_crypto73', '100XCryptoGem', 'MEXC_Global', 'UdemeWilliam1', 'mcbinanceBSC', 'loungeloversnft', 'Shinjirotoken', 'CheemsInu', 'ElenaCryptoBaby', 'SuperKluster']"
4,ShitCoinBscGem,ShitCoin Bsc Gem Ó®Ä,False,2018-08-17 12:12:27+00:00,1305 days 16:58:15.007388,1305,https://t.co/CJPxhMrBzl,#Crypto Project & NFT Influencer ‚Üí #ShitCoinBscGem #NFT #DeFi #IDO #Presale üöÄ #NFAüö®#DYOR #BNB #BSC #BscGem #Bitcoin Do Own research Before Invest üî• #Solana,[],214221,3,164.15402298850574,13167,"['ShitCoinBscGem', 'Medi_Token', 'Plato_Farm', 'Shido_Inu', 'krakenfx', 'YahooFinance', 'crypto', 'doge_cola', 'cnni', 'CNN', 'ShizenOrochiNFT', 'TheEconomist', 'MarketWatch', 'AP', 'BAYC2745', 'markets', 'MEXC_Global', 'Bushido_Society', 'CliffToken', 'NASA', 'gokhshteinmedia', 'estatexeu', 'RedneckRoosters', 'SHIBGEKI', 'essentialESC', 'Bobatama', 'TheScienceDAO', 'Metacryptobuyer', 'metalandz', 'CryptoBulbNFT', 'paoloardoino', 'cloudnamecom', 'DelCrxpto', 'rovercrc']",516.82,1579.86,"['BAYC2745', 'CCNnet', 'zuckerswap', 'OKXNFT', 'ShitCoinBscGem', 'BabyDogeCoin', 'FinanceFlying', 'rovercrc', 'MBYToken', 'Shido_Inu', 'TheMoonCarl', 'Seyit52074894', 'KISSKISSMETA', 'yield_shield', 'binance', 'kevin2kelly', 'NodeUp_Token', 'elonmusk', 'MEXC_Global', 'metarobox', 'ASTRAVERSETOKEN']"
5,LaCryptoMonkey,Crypto Monkey,False,2021-11-30 12:26:59+00:00,104 days 16:43:43.760054,104,,"Will Never Dm First, Tweets are not financial advice | #BSC #CryptoMonkeyisBack üíõ = Ad",[],122246,3,1175.4423076923076,894,"['GoCryptoMeCoin', 'girlgone_crypto', 'ScottLEOWarrior', 'nana_erc20', 'BenTodar', 'OnlyGodIsMighty', 'TheDreamChain', 'anndylian', 'gin_meta', 'AlexCobb_', 'syscoin', 'project_euro', 'OfficialTravlad', 'thecryptoqueenz', 'coachbce', 'lh_oop', '0xSummy', 'verified', 'benz_63amg', 'CryptoTrends15', 'Sidd_Light111', 'GalgosClubNFT', 'Eljaboom', 'KuberFinanceApp', 'MikeMAXRtoken', 'stayingpositiv', 'DelCrxpto', 'GIIIO_Global']",180.54,679.68,"['BTCCGameFi', 'MikeMAXRtoken', 'GoCryptoMeCoin', 'Quantic_finance', 'BigONEexchange', 'anndylian', 'yhuke_m', 'VoltInuOfficial', 'tribeonedefi', 'LaCryptoMonkey', 'Midas_DAO', 'CryptoHunter_ch', 'RimpfCryptoBaz', 'PancakeSwap', 'syscoin', 'thecryptoqueenz', 'MAXRtoken', 'BoyGeorge', 'holdtoearn', 'stayingpositiv', 'project_euro', '0xCo1e', 'greedygrampsnft', 'RocketBUSD', 'spin_fi', 'ShibaSafe', 'ApePunksDAO', 'cz_binance', 'binance', 'beemarkets', 'TheDreamChain', 'elonmusk', 'passivenodeinc1', 'gin_meta', 'NotaLaunchpad', 'MetaBearKiller', 'Sethn255']"
6,Wintexwhale,Wintex Whale üê¨,False,2014-11-24 22:56:19+00:00,2667 days 06:14:24.516232,2667,,crypto influencer. low cap #gem Finder. #DM for promotion.$memesToken #BSC gem. #ERCGem #NFTs promoter #DYOR,[],65393,2,24.51931008623922,1094,"['ShibaYachtClub_', 'Wintexwhale', 'babyshibacoinio', '100XCryptoGem', 'SafariBattle', 'YorkshireInu', 'strange_ducks', 'GalaxyBlitzGame', 'Leyton', 'EShib_token', 'BunnyDogetoken', 'MechaChain', 'flokieasterbsc', 'MetaGearGame', 'KongTamaToken', 'SharkieToken', 'SafuuParty', 'CometCalls', 'sharkraceclub', 'BlueZillaVc', 'equitycoinbsc', 'Shibawifee', 'meta_royale', 'FrontlineToken', 'cryptoman333', 'TperkMedic']",0.06,0.0,"['KongzillaERC20', 'FabweltToken', 'wiz_tomi', 'JustMEaVet', 'Hurriannetwork', 'ICPSquad', 'CATMuskCoin', 'XBNB_Official', 'MemeTowers', 'hypemansionclub', 'CryptomoguI', 'DeepMalt', 'SolanaMBS', 'JeffBezos', 'SelineNFT', 'EarthTokenERC', 'punch_club_NFT', 'Metadogeswap', 'BetDaoOfficial', 'TokenBobby', 'UniqueNFTs4me', 'psychoidz', 'CometCalls', 'combfinancial', 'The_Crypto_Wiz', 'TwitterSpaces', 'cryptoimpaler3', 'ww3_inu', 'HerosToken', 'SpintopNetwork', 'cryptogems555', 'subsquid', 'PingoInu', 'OfficialMandoX', 'SafuuSuper', 'amazon', '1goonrich', 'OilzFinance', 'SaltySharksNFT', 'LunaInuCoin', 'MicheleStrongFL', 'LiberoFinancial', 'ShikageEth', 'trust_recruit', 'MandaKongETH', 'blueorigin', 'DeloisNft', 'CryptoSuperApe', 'StudentInu', 'Kittygirlbsc', 'Streetpunks02', 'yoniartnft', 'CryptoQuestMeta', '_SkyToken', 'crypto_deb', 'AdamEShelton', 'MonkeDAO', 'JRCastroLV', 'ponzislayer6', 'baby_ripple', 'Happy__Hippies', 'elonmusk', 'TheNESTnft', 'ClassicPolka', 'TokyoDreams_NFT', 'Free_Patriot76', 'RDPrice', 'CARNIVOREZNFT', 'chiqshoes', 'Zinja_ETH', 'mintdao_io', 'Doge_FanToken', 'MrDiamondhandz1', 'XRILLAZ', 'Cryptic_Maestro', 'Ape_Of_Spades']"
7,leslarmetaverse,LESLAR Metaverse,False,2022-01-21 09:34:05+00:00,52 days 19:36:39.117586,52,https://t.co/lTWBZQlEgy,"üáÆüá© Most popular NFT & Crypto Coin üôåüèª Created by @rizkybillar & #LestiKejora 
üëáüèªLESLAR COMMUNITY",[],15530,2,298.65384615384613,112,"['free4giveaway', 'viczvenz', 'BarudakBitcoin', 'DudiBrown', 'ARonalgor', 'EdwinYofrendy', 'akbar_fauzi15', 'didinrachmadi', 'AinulYa26921979', 'leslarmetaverse', 'binance', 'CryptoRank_io', 'elonmusk', 'rio_hamu', 'Rdhani09741348', 'atmaprawiradi', 'NovantoArif', 'rs_hodler', 'WiwinArifSanto1', 'BocahRibet', 'cz_binance', 'BitcoinMagazine', 'MamounSkhy', 'AM5prakoso', 'CryptoSundayz', 'paulhsu', 'WatcherGuru', 'BTCTN', 'Cryptoscreen_en', 'BasindaBTK']",237.52,84.36,"['theTruckCompany', 'ChinaPumpWXC', 'ALTSAVlNGS', 'EdwinYofrendy', 'binance', 'CoinMarketCap', 'ARonalgor', 'Cryptoscreen_en', 'DudiBrown', 'ThePULSE_DAO', 'chinapumprocket', 'coingecko', 'leslarmetaverse', 'BarudakBitcoin', 'CryptoRank_io', 'viczvenz']"
8,LukaEvans_,Luka üíé,False,2010-03-06 16:16:26+00:00,4391 days 12:54:18.785141,4391,https://t.co/biG3tbYSRq,Crypto Investor |üß†| Social Media Influencer | üíé | Send me DM | üì© | PROMOTE | üöÄ | #BTC |#Solana | #ETH | #Metaverse | https://t.co/NATLQ70s1i,['https://t.co/NATLQ70s1i'],957135,3,217.97654292871783,1222,"['PrimeBunnyPBP', 'rangersprotocol', 'askthedr', 'bradelfcam', 'ErikaDe47580211', 'Livia_0423', 'PharmTruong', 'NetVRk1', 'Sezgin65702134', 'lightworld792', 'triceratops_492', 'NauLxD', 'ArunitaKanjila6', 'HyunHeeKim99', 'mmm0134690002', 'ThomasL15051829', '6V2DAY9', 'saylor', 'Kung_fu_Koalas', 'VooVooNFT', 'Sensei_Danie1', 'AsherBennett7', 'lobby_token', 'apollo_ventures', 'laisalaric', 'kingtryndaslo', 'Xuefang24', 'kriptologgyyy', 'marty_meowsi', 'angelnautsnft', 'ADAFootballNFT', 'TigerBilionaire', 'AH_W0rld', 'zLitch_10', 'RafaelExcel', 'A5imA5im', 'P08486335', 'Arsenij64', 'SportyTrunk', 'valkjsnd', 'Omershenki', 'martifice8', 'Indian_Satoshi', 'wispame', 'YoshiBape']",467.66,1973.76,"['NinanceOfficial', 'The_CJ_NFT', 'kusunokitoken', 'MetaTubeWorld', 'NovaWalletApp', 'punch_club_NFT', 'chaincorn', 'TigerBiteToken', 'OG_Ape_Club', 'Bibox365', 'TheDigitalDogs', 'DesertIslandNFT', 'ido_meta', 'Polkadot', 'garyvee', 'shunlinft', 'DaoDoge_bsc', 'RmrkApp', 'Bushido_Society', 'PrimeBunnyPBP', 'jakepaul', 'PexCoinProject', 'kevinolearytv', 'CertiKTech', 'WSGToken', 'QANplatform', 'JeffBelfort_', 'LukaEvans_', 'calculuxEx', 'SmartFinance_AI', 'AsraCityDAO', 'kusamanetwork', 'Astarter_Pad', 'Vimpto', 'MINICAT_COIN', 'CowparkNFT', 'BoredApeYC', 'ChummyFinny', 'ZoroToken', 'LoganPaul', 'tommywheelart', 'JoinUptick', 'OfficialPearDAO', 'Shibnobiinu', 'rangersprotocol']"
9,theCMCinspector,The CMC Inspector,False,2021-12-06 10:19:19+00:00,98 days 18:51:26.508015,98,https://t.co/iTp4a7oJfw,Discover new Crypto Currencies 5-30 minutes before listed on Coin Market Cap!  #cmc #bsc #DYOR #NFA,[],22475,2,229.33673469387756,32,"['SatoshiSwapHQ', 'SatoshiStBets', 'Ralvero', 'BinanceUS', 'theCMCinspector', 'EduardKim18', 'DarrencutsCutsy', 'PolWae', 'haicitixx1', 'GarrChitcity', 'SpaceXfanman', 'funkymetapets', 'Cyberbeeings', 'FoxGirlCrypto']",0.36,0.04,[]
10,MrNFTexpert,NFT EXPERT Promoter üå∏,False,2010-10-27 14:15:19+00:00,4156 days 14:55:27.128045,4156,https://t.co/xZLKB3u2pJ,Crypto and #NFT Expert Promoter || Influencer | Growth Strategy | Startup‚Äôs ~ Project Launch üßöüèª‚Äç‚ôÄÔ∏è‚Ä¢ üì®DM FOR ENQUIRIES ü§∂ #gamefi #Metaverse #P2E #MrNFTexpert,[],334825,3,80.56424446583253,194,"['MrNFTexpert', 'N3twrkNFT', 'MetaRaccoon', 'lionkingmindset', 'AnmsNft', 'rocky_robotics', 'SuperGiantsnft', 'ArchanNair', 'ExLabsCo', 'variendarkgirl', 'N3ighborsNFT', 'metasavagesnft', 'FOMOTheGameShow', 'ViceRatCity', 'KOAnft', 'WispersNFT', 'urbanapesociety', 'VERSONANFT', 'SoliTaigaNFTs', 'punch_club_NFT', 'inkidsnft', 'RoboFiClub', 'marilynmonroeji', 'NFTUndrGround', 'Classy_dogs', 'WarriorLionNft', 'MoneyMontini', 'Bushido_Society', 'ChibixLan', 'oDDbOOG', 'bamboofrens', 'tavernland']",682.46,1767.58,"['alulasky', 'ViceRatCity', 'hanemiya55', 'ahmedabd7513284', 'nuyypastibigwin', 'Maretwinners', 'Letmewinpo', 'winmarkocan', 'lionkingmindset', 'NlabsDAO', 'bookmakers_nft', 'platonunis', 'MrNFTexpert', 'aya474003', 'jaehyun_winss', 'only_one_tom', 'harutoong', 'footballpunks', 'prdscityx', 'punch_club_NFT', 'AnmsNft', 'inkidsnft', 'FungaNFT', 'NFTUndrGround', 'urbanapesociety', 'winkaget', 'ArchanNair', 'rocky_robotics', 'variendarkgirl', 'metasavagesnft', 'wwintersnows', 'midnightrayx', 'WrappedHotels', 'silomaretbigwin', 'N3ighborsNFT', 'Ryzoll18_', 'jjaemyay', 'garyvee', 'RoboFiClub', 'WispersNFT', 'formingajuan', 'UntamedSoulsnft', 'olaaafwon', 'Nswapcom', 'frahm_art', 'SuperGiantsnft', 'ttrnft', 'erlysky', 'Juls_722', 'wjnterrr', 'FOMOTheGameShow', 'KyutieLe', 'EtTaskinen', 'JMCITY25', 'N3twrkNFT', 'ArnoldOrtmann', 'vvcityx', 'marilynmonroeji', 'VERSONANFT', 'arivwin', 'TheSandboxGame', 'Nurlaelaputri10', 'syndicate_nfts', 'HYUKSH0P', 'KOAnft', 'Nomadgal9', 'Jengnala', 'xbibimbap__', 'MetaRaccoon', 'bbearbigwin', 'ExLabsCo']"
11,Cryptogemsguru,Crypto Gems Guru üíé,False,2021-05-16 13:03:48+00:00,302 days 16:06:58.788411,302,https://t.co/ghOqfSosVL,#CRYPTO & #NFT PROMOTER | DM US FOR SHILL üíå | TG-Cryptogemsguru | DYOR BEFORE INVESTMENTS üòä $EQUITY #Altcoinhunter,[],73143,2,242.1953642384106,4085,"['CryptoSuperApe', 'DaCryptoGeneral', 'AirpayFinance', 'Cryptogemsguru', 'CometCalls', 'BSCCatBoy', 'macala124', 'davidgokhshtein', 'ElVipoMarketing', 'WatcherGuru', 'SunriseGaming_d', 'OfficialTravlad', 'elonmusk', 'Shiryo_Official', 'LeeTolleson', 'greg16676935420', 'CryptoLadyNinja', 'SalaryEcoFin', 'shib_vinci', 'AltCryptoGems', 'robotshiba', 'CryptoGenie99', 'trust_recruit', 'Eterna_Finance', 'Cryptic_Maestro', 'cryptogems555']",157.66,747.16,"['AirpayFinance', 'ELOC_bsc', 'AkinoInuGlobal', 'GrogutamaToken', 'SchnitzelInu', 'Cryptogemsguru', 'TheMoonCarl', 'CoinFastAlert', 'busd_meta', 'MusicBearAwards', 'BitcoinMagazine', 'CryptoBabyFil', 'GoldenBrosNM', 'holdtoearn', 'punch_club_NFT', 'equitycoinbsc']"
12,cryptogems555,Crypto GEMs üìàüöÄ,False,2015-12-13 19:19:47+00:00,2283 days 09:51:00.516880,2283,https://t.co/G4S8tzRRfP,#Bitcoin #Eth #BSC #Solana #AVAX #FTM #CryptoMarkets #Defi #NFTs #Memes Not financial advice. DYOR. Join The Millionaires Club üëâüëâ https://t.co/G4S8tzRRfP,['https://t.co/G4S8tzRRfP'],321067,3,140.63381515549716,37481,"['TheCryptoLark', 'binance', 'WatcherGuru', 'AltcoinDailyio', 'intocryptoverse', 'AltCryptoGems', 'APompliano', 'davidgokhshtein', 'martypartymusic', 'MMCrypto', 'CryptoGareth369', 'AltcoinWorldcom', 'ShibInfo', '0xRadar', 'kishuarmyMOD', 'DjPrestigeUk', 'MartiniGuyYT', 'BabyDogeReports', 'MattWallace888', 'Gemx10000', 'CheemsInu', 'rovercrc', 'TheMoonCarl', 'AltcoinGordon', 'BSCGemsAlert', 'BabyDogeAsia', 'elonmusk', 'TheAltcoinHub', 'BTC_Archive', 'Edenluucas1', 'BabyDogeGem', 'Ralvero', 'hamtanovin1', '1goonrich', 'CryptoWhaleinfo']",20.72,93.7,"['luniverseworld', 'BTC_Archive', 'PeterSchiff', 'trensetter83', 'WatcherGuru', 'anndylian', 'BabyDogeReports', 'BabyDogeGem', 'ShiBurnETH', 'MartiniGuyYT', 'PiElonToken', 'AltcoinDailyio', 'Gemx10000', 'CryptoWhaleinfo', 'cryptogems555', 'rovercrc', '1goonrich', 'BabyDogeFrance', 'CryptoGareth369', 'BulbFi', 'APompliano', 'Edenluucas1', 'TheMoonCarl', 'AltCryptoGems', 'martypartymusic', 'lambosoonexpert', 'nylo44', 'FEGtoken', 'TheAltcoinHub', 'binance', 'TheCryptoLark', 'coinbase', 'davidgokhshtein', 'CheemsInu', 'intocryptoverse', '0xRadar', 'MattWallace888', 'InuKishu']"
13,CryptoGems001,Crypto GigaChad‚Ñ¢ üìàüöÄ,False,2010-12-23 14:08:56+00:00,4099 days 15:01:52.174371,4099,,An Alpha with a Big brain üß†| 100x Gem & #SAFU Gems Hunterüíé #CryptoShillerüëë| #NFTSüöÄ| #Metaverseüìà| DM for Promoüì© #BNB #ETH #AVAX $FTM $NEAR #BSC,[],221257,3,53.978287387167605,725,"['Eterna_Hybrid', 'punch_club_NFT', 'crogramapp', 'Euronin_io', 'CyberSnailsNFT', '_Simpverse_', 'VoxelXnetwork', 'ProjectMetafi', 'RealFlokiCat', 'JungleKingsNFT', 'ReedSAlbers', 'CryptoGems001', 'elonmoonspace', 'CryptoMumbler', 'CUBkingdom', 'KevinX7777', 'BabyDogeReports', 'ApeFundOfficial', 'VitaInuCoin', 'xApeOfficial', 'BullshihtzuI', 'DippiesNFT', 'dannylee', 'ConnectorCoin', 'UpDeFiUp', 'PalyPaus', 'SpearheadFi', 'nekocoinbsc', 'marupok_si_me']",143.86,98.68,"['RealFlokiCat', 'hexalfinance', 'popmachinelabs', 'thewastedlands', 'coingecko', 'UpDeFiUp', 'elonmoonspace', 'AccelDefi', 'PMSHRIMPTOKEN', 'funkyfrens', 'PancakeSwap', 'BlazedBearsNFT', 'elonmoongame', 'TopGainbsc', 'unfetteredgame', 'AAptitudeToken', 'MMFcrypto', 'ApeFundOfficial', 'CryptoGems001', 'nekocoinbsc', 'PexCoinProject', 'goodgamesguild', 'CoinMarketCap', 'GenericHeroes', 'freedomcvoy', 'ConnectorCoin', 'Eterna_Hybrid', 'Eljaboom', '_Simpverse_', 'JungleKingsNFT', 'gamer_apes', 'elonmusk', 'tommywheelart', 'MeM_Ethereum', 'Crypto_Sisters', 'p2pb2b', 'Euronin_io']"
14,AltGemHunter,üöÄ Altcoin Gems üíé,False,2021-02-13 17:07:23+00:00,394 days 12:03:25.886837,394,https://t.co/p1IGaqyhxw,Crypto Gem Hunter & Promoter üèÜ | DM for SHILL/PROMO Enquiriesüìàüí∞NO FINANCIAL ADVICES - DYOR! Investor in $BNB $BTC $AVAX $ETH $SOL $FTM #NFTs,[],122318,3,310.4517766497462,2912,"['Zinja_ETH', 'TheMoonCarl', 'AltGemHunter', 'BillyM2k', 'cz_binance', 'Ukraine', 'Cristiano', 'elonmusk', 'DeItaone', 'BodaToken', 'ChandlerHallow', 'IamPapaz', 'AltcoinDailyio', 'greg16676935420', 'MemeTowers', 'KongTamaToken', '1goonrich', 'JohnCena', 'vibinpain', 'unusual_whales', 'jack', 'AltcoinGordon', 'max_guise', 'ParikPatelCFA', 'GoingParabolic', 'ProjectMetafi']",148.72,120.6,"['MemeTowers', 'elonmoonspace', 'tribeonedefi', 'koistarter', 'LunaPadOfficial', 'theparktoken', 'MedabotsWorld', 'MilkywayExGB', 'metalandz', 'BodaToken', 'Tomcoin_bsc', 'FinanceFlying', 'metaking_nft', '1goonrich', 'ChildrenDao', 'meta_ecosystem', 'Metalaunch_io', 'KISSKISSMETA', 'oracula_io', 'MindProtocol', 'DjPrestigeUk', 'DpadFinance', 'ShibaSafe', 'CargoLinkCLX', 'KarusStarter', 'XMANNAOfficial', 'Token_Traxx', 'sharkraceclub', 'DaoStarter', 'MeMaToken', 'CatsRaceBSC', 'Kuncicoin_id', 'Zinja_ETH', 'ShibVetToken', 'techrate', 'FEGexchange']"
15,gem_cmc,Altcoins $100x #BSCGem #ERCGemüê∂üêª$Gem100xüéÑüéÖ,False,2020-04-11 17:08:27+00:00,702 days 12:02:22.563841,702,https://t.co/Ua4u9XLkXM,Crypto currency trading & business expertüíélegit crypto promoter #DM for promo for business #meme tokens #bscgem #ercgem #nft tokens #trx #dyor #NFA #gems #BSC,[],62425,2,88.92450142450143,1079,"['gem_cmc', 'BSCgemStation', 'GemBSC_ERC', 'DANCEMONKEYBSC', 'AugmentedUniver', 'OG_Ice_Man', 'creo_engine', 'Crypto_Ciara', 'missthinez', 'HoIistiCrypto', 'b2eland', 'melos_studio', 'meandonut', 'Soroscrypto', 'Mooh152', 'PennyCoinReal', 'Topcatbsc', 'CRYPTOFIED1', 'Thecryptomist', 'VandalShibaCoin', 'binance', 'CheebsOfficial', 'adrian__chamber', 'queennKrii', 'nimda6', 'DogecoinRide', '_DNVP_', 'kucoincom', 'CallOfMeta_NFT', 'gems_1000', 'HannaButler_']",0.2,0.06,"['KongzillaERC20', 'LotsGaming', 'bunnycoinbsc', 'celestialsclub', 'avalancheavax', 'HeroesChained', 'CatPepeToken', 'ChateauCryptoVC', 'gate_io', 'SberCoinBsc', 'AVATAR_AVAX', 'SafemoonWarrior', 'StrongNodeEdge', 'shibabetscasino', 'nolimitape_eth', 'yfione', 'sifu_inu', 'PiElonToken', 'TheOxSquadNFT', 'XyonHunt', 'shieldprotocol1', 'MetaPilote', 'GalaxyBUSD', 'enjinstarter', 'puli_inu', 'AxlToken', 'NutGainOfficial', 'SafuuSuper', 'shootpad_io', 'socialdaoapp', 'FreshCalls2022', 'ClashofShiba', 'AirpayFinance', 'Bushido_Society', 'pitlover5', 'MandaKongETH', 'CoolmanUniverse', 'scrooge_coin', 'GodzYachtClub', 'VolcanoTokenBSC', 'OrbitLaunchM31', 'TalentCoin21', 'PLAYA3ULL', 'Jurassic_Crypto', 'kkoncrypto', 'telospunks', 'MyBookieMMA', 'ItsDannyTDJ', 'p2pb2b', 'GiantDogememe', 'Euronin_io']"
16,bscgems_news,BSC Gems | BNB Chain Gems | #BSC,False,2021-04-06 02:35:23+00:00,343 days 02:35:27.167337,343,https://t.co/Uxe3PxSZSz,"Update the latest BSC Gems news. DYOR! #BSC #BSCGems

Telegram discuss: https://t.co/RCkZeiFdWu

Contact @kevin_bscgems to AMA with our community.",['https://t.co/RCkZeiFdWu'],28913,2,84.29446064139941,31,"['bscgems_news', 'saylor', 'WatcherGuru', 'propelxyz', 'Bybit_Official', 'clear_dao', 'fightoftheages', 'SynergyLandGame', 'binance', 'MonsterArenaBSC', 'cvn_ventures', 'ThetanArena', 'GameMarketCap', 'Coin98Analytics', 'MoonDogeswap', 'cz_binance', 'PancakeSwap']",11.08,6583.76,"['ZukiMoba', 'Samurai_Battle', 'fightoftheages', 'cryptowave93', 'MonsterGalaxy21', 'SynergyLandGame', 'Bybit_Official', 'PancakeSwap', 'bscgems_news', 'HelloShopNEXT', 'influencerpoker', 'MoonDogeswap', 'tribe_land', 'quizarenaio', 'clear_dao', 'binance', 'Coin98Analytics', 'MyDeFiPet', 'Nova62590178', 'realtikitoken', 'vegan_niki']"
17,BSCGemAlert,üíé BSC Gem Alert üíé,False,2014-07-17 16:36:09+00:00,2797 days 12:34:41.856590,2797,,#BSCGemAlert  Only calling out 100xSafu Gemsüíé| taking #BSCGem & #ERC to ATH|#DYORüßê #BSCGemAlert  #BSC  #BSCGems,[],38155,2,13.641401501608867,1083,"['BSCGemAlert', 'BSCGemsAlert', 'WatcherGuru', 'BSCGemsx100', 'cryptogems555', 'maxpaayne', 'CisLofficial', 'HiteshAswal1', 'Gemx10000', 'ShibInform', 'BscGemSniper']",261.34,112.74,"['BSCGemAlert', 'kasta_app', 'binance', '_BabydogeArmy', 'Ripple', 'BabyDogeCoin', 'BSCGemsAlert', 'dogecoin', 'CheemsInu', 'flokieasterbsc', 'SECGov', 'PingoInu', 'Crypto_Sisters', 'Shibtoken']"
18,BSCGemsAlert,üö®BSC Gems Alertüö®,False,2014-04-02 19:34:44+00:00,2903 days 09:36:07.561888,2903,,BSC Gems Hunter & Promoter üèÜ | DM us for SHILL/PROMOüìà | üí∞NO FINANCIAL ADVISOR - DYOR! | #BSCGemsAlert  #DYOR  #BSCGem #BSCGems  #BSC  |,[],77959,2,26.854633138132964,6577,"['BSCGemsAlert', 'BSCGemAlert', 'BSCGemsx100', 'ArivaCoin', 'bitcoin_queen_', 'maikel_faragala', 'pr_alf', 'Reecepe54143643', 'kibajoker', 'reva7xa7x', 'Weston_217', 'SO86221013', 'yavuz201907', 'hamidbellezrag', 'kouassi60875621', 'Cman44265016', 'BabyWhaleOF', 'dom47194305', 'SenpaiNaruto5', 'Crypto_Wolf_Of', 'KhudhurAyman', 'hehe_kev', 'Stacy_041', 'CoinAper', 'mi_dutse', 'Tj_ksm', 'OlamiDivine', 'Noviaaafw', 'Serg1o___', 'cryptoballygang', 'Aras2KRG', 'AliTava53405847', 'town_pin', 'Mohamad81440902', 'CryptoPowerHou1']",87.2,94.56,"['ChinaPumpWXC', 'CATMuskCoin', 'Doganwarol', 'SoyKingBSC', 'BSCGemsAlert', 'PiterPa62757912', 'Mohamad81440902', 'Roshana77467075', 'Ale_c_botelho', 'GreenCat_Bsc', 'MJustiz1', 'Paysol3', 'VirtusFinance', 'iam_somusuresh', 'Aras2KRG', 'Catcoinbsc', 'CryptoNFTGalaxy', 'floki_metaverse', 'cubic_finance', 'WealthProtocol', 'bitcoin_queen_', 'Tse10B', 'CallMeBySWZ', 'biospheresystem', 'thugturtlenft', 'BabyWhaleOF', 'mintaverze', 'ukrainiancoin', 'TheDOIcoin', 'cz_binance', 'town_pin', 'binance', 'bscRedbull', 'Metablastgames', 'pinkecosystem', 'ZombermanToken', 'seeza_io', 'inmecoin', 'METAPLANETBSC']"
19,BSCGemsx100,BSC Gems X100 üöÄ,False,2013-05-14 14:54:06+00:00,3226 days 14:16:46.190885,3226,,Share All About Gems On BSC #BSC #BSCGEMS #100xgem,[],44532,2,13.80409175449473,1458,"['BSCGemsx100', 'BSCGemsAlert', 'BscGemSniper', 'BSCGemAlert']",82.16,42.68,"['BSCGemsx100', 'binance', 'CoinMarketCap', 'DiveWallet', 'MemeTowers', 'BSCGemsAlert', 'Kuncicoin_id', 'CheemsInu', 'PingoInu', 'Crypto_Sisters']"
20,Bsc100x_gems,BSC 100X GEMSüöÄ,False,2020-12-03 13:47:40+00:00,466 days 15:23:12.891317,466,https://t.co/koeyxclGAH,"Crypto Promoter

Private Sale, ICO, IDO investor.Ape

üí∞Lowcap PAN-UNI Gem hunterüíé

‚û°Ô∏èDM for enquiries

TG: https://t.co/koeyxclGAH

NO FINANCIAL ADVICE. DYOR ALWAYS.",['https://t.co/koeyxclGAH'],114502,3,245.71244635193133,5441,"['Bsc100x_gems', 'erhandurann58', 'DrNardii', 'mehrzad_kia', 'YOOSHI35', 'YOOSHI2779', 'YooShiAngel', 'arde597', 'tunaayd6666', 'in_shitc', 'ShitcIn', 'Dachulci', 'cz_binance', 'komarinchik', 'IsraelJ70661351', 'pierreseum', 'RNasty18', 'alanknit', 'peterpa72863473', 'Anuj55031936']",117.62,314.62,"['yooshi_official', 'kryxivia', 'Gummy_Bull', 'cryptomedatech', 'GloryDogeCoin', 'DogeWofficial', 'koistarter', 'LunaPadOfficial', 'alanknit', 'Belon_io', 'InfinityParking', 'MilkywayExGB', 'Dennis_Porter_', 'web3lands', 'TigersClubNFT', 'meta_ecosystem', 'Metalaunch_io', 'creo_engine', 'ape_swap', 'KarusStarter', 'basketball_dao', 'cz_binance', 'DaoStarter', 'TeamShikoInu', 'CreatStep', 'StiltonMusk', 'VitalikButerin', 'babyapx9']"
21,BscGemSniper,üî∂Bsc Gems SNIPER üî∂,False,2010-05-27 11:17:17+00:00,4309 days 17:53:36.605701,4309,,BSC Gems Sniper  & Promoter üèÜ | DM us for SHILL/PROMOüìà |  DYOR! | #DYOR #BSCGem #BSCGems  #BSC,[],53673,2,12.456022278951032,3290,"['BSCGemsx100', 'BSCGemsAlert', 'BscGemSniper', 'BSCGemAlert']",64.22,40.28,"['pvtlocker', 'binance', 'metaroidnft', 'BscGemSniper', 'RichQuack', 'Kuncicoin_id', 'MemeTowers', 'BSCGemsAlert', 'CheemsInu', 'PingoInu', 'Crypto_Sisters']"
22,wizai777,"wiz.ai‚Å∑‚Å∑‚Å∑(üßµ,üßµ)",False,2021-07-10 01:14:42+00:00,248 days 03:56:12.246357,248,,the future of finance,[],15054,2,60.70161290322581,18455,"['ModernSociety33', 'cryptowhelp', 'Jorge_Reserva', 'zhusu', 'JTheretohelp1', 'FlokitoValhalla', 'corsaircrypto', 'Turnmemads', 'nVuSLyy', 'CryptoHawk19', 'ET_2278', 'kxngsrise', 'burgivores', 'toquitistolose', 'Nick_Terramoon', 'CryptoAdLab', 'Brainlinker', 'trueyellow_', 'Juicy4IR', 'Dcrypto25', 'realdogen', 'Crypto_catty', 'Ario10940208', 'Examxn2', 'LordKalvin', 'zagar_connor', 'findurincrement', 'WaveCharts', '7x7x7eth', 'xrpgordy', 'allianceblock', 'MrSollozzo', 'CarniClemenza', 'Yas90489815', 'MMERR0314', 'seekingthrough']",8.56,0.66,"['bananaguymike81', 'CarnivoreMD', 'triviumwarrior', 'oatly', 'onetooearly', 'ItTakesElevenBD', 'FourthIR', 'nutrition_facts', 'YouTube', 'Lily33833968', 'findurincrement', 'allianceblock', 'Mark_Sisson', '0xBorderless', 'toquitistolose', 'Aqua174', 'MycroftDAO', 'justegg', 'SBakerMD', 'cobie', 'CarniClemenza', 'WolfBritton', 'gobirds20171', 'MMERR0314', 'RsrFren', 'fragxrr', 'amber_ghaddar', 'MatthijsDeVries', 'WaveCharts', 'TraderMercury', 'Dcrypto25', 'jesseharvey61', 'StinkyCubert', 'wizai777', 'cryptowhelp', 'ginacrabbaby', 'Turnmemads', 'BeyondMeat', 'seekingthrough', 'AjajaRachid', 'ModernSociety33']"
23,TRexNite,T-Rex ü¶ñ| Crypto,False,2009-11-25 23:32:40+00:00,4492 days 05:38:14.985152,4492,,#TRexNite ü¶ñ| Crypto & Social Media Marketing Advisor | Crypto Promoter & Investor | Gem Hunter | NFA / DYOR | #Btc #Eth #Bnb #Tel $Dome,[],639915,3,142.456589492431,112,"['casajuan_', 'Everdome_io', 'Rob_Gryn', 'hindiswerte', 'playbithotel', 'NFTDaily', 'TRexNite', 'grdebustos', 'sugalovers_023', 'Jarl_Phil13', 'feelinfroggy181', 'curseddaze', 'Aaronsinho', 'Shenshun0817', 'nftdevelopments', 'cutebutpysco19', 'amor_danielle_', 'nda_ra88', 'AyangnyaInez', '4nnayra', 'baekhyuneu', 'ThankGodBigWinZ', 'ach_khumaedi', 'GlazeCrypto', 'kakadesain91', 'TheRock', 'MemeGemMaster']",358.02,2525.38,"['MoonXBT_Global', 'RealMoneyApe', 'MetaMansionsNFT', 'akane365_com', '0xBigwins_win', 'chaincorn', 'QueenBigwin_', 'BLOCWARS', 'ComKingsNFT', 'HyngBigwin2', 'cehlos', 'jeffreyforwins', 'summysufeglorya', 'ywchibal', 'JumboSafuu', 'TRexNite', 'FratApesParty', 'Boar_War_NFT', 'drcharlesss', 'ritestream_nft', 'SavvySocialNFT', 'fratboysnft', 'TFG_NFTS', 'betfury_gaming', 'Bushido_Society', 'nathanbigwin', 'fputinofficial', 'VirgoGive', 'jesusglis', 'kimtaegung', 'iCiervoKing', 'CiervoPrizes', 'Yoshi59196267', 'mojogalaxynft', 'Redrose_195', 'WzFilmStudios', 'PromoWinners', 'ngepet_bigwin', 'sillynaeun', 'queenbiancaslee', 'kaiqar', 'MetaRichKids', 'redwinstraw_', 'riego2win', 'TRexxNite', 'IcecreamFinance']"
24,sipvalen,sipsipüêª,False,2020-09-09 15:27:17+00:00,551 days 13:43:38.642046,551,,"‚ô°Ãµ¬∑Àö social media, NFT, and crypto promoter | DM for sponsor üì© vouch : #sipsipgift ü§úü§õ",[],36015,2,65.36297640653358,10217,"['sipvalen', 'Jeje55279452', 'fetymaudya', 'keruphuk', 'ihpelcky', 'historyrenjunie', 'yeaywinn', 'itsauracityx_', 'yosjchan', 'GuinyPromotes', 'akodraw1n', 'BigwinMaret', 'RafiWinHoki888', 'gyuuucityx17', 'puterihalu', 'B1GW1N_01', 'quaterafterr_', 'aboutkingz', 'mixsufewin_', 'simp4ycw', 'studibandung', 'NCTsmtown_DREAM', 'Bang_Garr', 'aniyoogifteu', 'aprlwn22', 'mrhamhh', 'jaerapa_', 'odigaw', 'reiinbigwin1308', 'ataekoo', 'pickme_pls_', 'K1mCh1ya_', 'aquariusinluv', 'caciklucky']",62.66,182.52,"['aeyeren', 'jaerapa_', 'jenoawokawok', 'flywithcoco__', 'yoshi975', 'sipvalen', 'rival_fortune', 'WATCHMANGANGNFT', 'rpyy22', 'ShanayaPromotes', 'zkicyn', 'kezce', 'rnjunchnle', 'sipclaims', 'DoonaGalerry', 'kinalatte', 'GuinyPromotes', 'ayangbigwin', 'hourlyaliaa', 'meaniegives', 'lavicityx']"
25,bunniefied,bunnie üêá,False,2015-10-31 15:00:49+00:00,2326 days 14:10:07.333971,2326,https://t.co/sqRzt9aMOb,promoter üìà | vouches : #fambun √ó #bunniefied | alt : @bunnyyeonn ‚ô°,[],160137,3,68.84651762682716,4342,"['autumngives', 'AreumPromotes', 'sereingives', 'Garfez', 'sereinxgs', 'wonieegives', 'JkayPromotes', 'DirtyApeNft', 'Arec_nu_', 'shiepromotes', 'YnahGives', 'reneziv', 'izzyb0i', 'taegiveaway', 'sharksproms', 'KylieProms', 'AxelPromotes', 'kloogives', 'aymmerry_', 'ddeonu_0o0', 'Jake_shares', 'ATNuclear_NFT', 'DGRCoin', 'ladyincrypto', 'prctiu', 'JonnyAtechy', 'isaiditsgaeul', 'BigWinAroha', 'avajitz', 'sof1azara03', 'kielgives', 'hermionegives', 'luckycelwins', 'cryprules', 'ODDSWAPio', 'ctphmoon', 'chitaglorya__', 'mochineproms', 'RinasPromotes']",109.22,729.02,"['edssy_win', 'luckyyymidzy19', 'Bigwins_Inmarch', 'PlasmaCrypto', 'MarceBanios', 'aishshwis', 'CRYPT0DIAMOND', 'RochiCryptonic', 'Dothaking', 'nicolasmaiques', 'lovewithwonumin', 'nftcryptogems', 'AirdropPharaoh', 'GiveAwayMissy', 'markhyuckmnkhy', 'KIMJUVY2', 'hernanlafalce', 'kuyawat', 'bunniefied', 'winterprems80', 'stobewitae_', 'cryptoarthur92', 'skymlshrnndz', 'winnerszs_', 'kawiboo_', 'bunnyyeonn', 'GreenEarthMoon_', 'woonjay19']"
26,prctiu,BœÖ…¥Œ±‚ô°,False,2018-10-19 16:14:17+00:00,1242 days 12:56:40.025439,1242,https://t.co/KpEa5tgCoY,"‚ô•Ô∏é social media, crypto promotor ‚ô•Ô∏é ‚Äî‚Äî ‚ùÑÔ∏è || dm for promotionsüíå || Worldwideüåé || i don‚Äôt have discord / TG || vouches #testibunaR",[],166093,3,133.7302737520129,3230,"['Aoharu_missufe', 'mac_aronie', 'prctiu', 'FishcityxWin', 'jiminiie_1395', 'ceritatehfidy', 'LCAlpha', 'galaksi', 'rouler_et_voir', 'txtracunbelanja', 'BunaClaim', 'AxelPromotes']",42.26,689.54,"['Snuxnft', 'chromaNFT', 'NoeCrypt0', 'saucywtf', 'wtfmaco', 'botghostlynft', 'SolozNFT', 'EncrypterNFT', '884_eth', 'FloatNFTs', 'StatNFT', 'nftcryptogems', 'jarredpromotes', 'luciidalt', 'adrian__chamber', 'qrozenth', 'richyrichETH', 'juliahost_', 'prctiu', 'ThorrNFT', 'NaishaHost', 'sDanieleGalipo', 'InactNFT', 'actony0', 'xienfn', '0xTGC', 'Pluxsi', 'clxtchsNFT', 'ThePluxAgency']"
27,misscrypt_,ùêåùê¢ùê¨ùê¨ ùêÇùê´ùê≤ùê©ùê≠ ‡ºª,False,2012-10-19 20:40:22+00:00,3433 days 08:30:35.659162,3433,https://t.co/l1lP1jewEH,"Social Media Promoter, Crypto Investor & Enthusiasts üí´ | DM for inquiries üì® | Proofs - #misscryptwins ‚ô• | #Crypto #BSC #10SET #BTC #TRONPAD #CLU #ETH | GMT+8",[],83014,2,24.181182639091173,862,"['gwyeeeun', 'yay_bigwin', 'angelaabigwins', 'sincityxxbigwin', 'jaemderyhyun', 'hanya_missufee', 'ayangbigwin', 'lvtchu', 'Winnermeigh65', 'ararakimociiiii', 'winwinrayawin', 'grwinteasty', 'ahgasecaratstax', 'Moneyfestnxx', 'mdxcty_', 'bellavieenrose', 'fourthbigwin', 'kuruzxy_', 'FortanCrypto', 'MesiPromotes_', 'GodxxxSlayer', 'IceHoonPrince07', 'cutielittleduck', 'picky_winnie', 'sanamanaloaq', 'HwanniePromotes', 'PegaxyOfficial', 'renebaeby_', 'Kim_Jjkbunny', 'FebeJoy7', 'kikibigwinn', 'jkylmeow', 'dwuitt', 'colelinky_']",12.96,218.68,"['NanoNFTNews', 'ispolink', '_m_m_1999', 'VARIANT', 'Lolcapitalio', 'DeOrderBook', 'Pixelanders', 'miss_mesimo', 'AncientKingNft', 'MesiPromotes_', '1goonrich', 'ahgasecaratstax', 'BananaTFA', 'misscrypt_', 'MadDog_xyz', 'picknaw_bigwin', 'Yourpop8', 'MiraPromos', 'buRT_ngeRTeross', 'JakeGagain', 'luckbigw1n']"
28,graviteacrypto,GRAVITEA,False,2020-12-11 14:20:15+00:00,458 days 14:50:43.350616,458,https://t.co/M3ncgk28mo,ü´ñ hot tea hot calls üî•#bsc #eth #degen https://t.co/32m2QdHhcZ,['https://t.co/32m2QdHhcZ'],38987,2,85.12445414847161,1752,"['CometCalls', 'graviteacrypto', 'RiskToRiches', 'ElzWorthBentley', 'EXA_DARK_SIDE', 'OfficialTravlad', 'AytugLevent', 'Mdoubleok163', 'OLUWASEUN_KK', 'C_nayuerslamand', 'Adelineprincee', 'nemruud', 'LucasDCripto', 'ImmortalEth', '1goonrich', 'indicarlosss', 'ShillerTriller', 'Krypto_masters', 'dsoydabas', 'Scherschl1']",14.204081632653061,241.46938775510205,"['CowgirlsNFT', 'partyhorses', 'SaitokiInu', 'OfficialTravlad', 'CometCalls', 'EXA_DARK_SIDE', 'pitbull', 'TheLondonCrypto', 'Mdoubleok163', '1goonrich', 'Peeps_Club', 'RyokoInu', 'SugarFactory', 'darcyjar', 'Siderael_token', 'BSCCatBoy', 'verified', 'elonmusk', 'Trevvvvvvvvvvw', 'TsukiNFT', 'Cryptic_Maestro']"
29,CRYPTOCHARlZARD,Crypto Charizard,False,2019-04-12 15:27:23+00:00,1067 days 13:43:36.097962,1067,,"CHAR MARKETING LTD, #NFT‚Äôs fanatic. NEVER FINANCIAL ADVICE, DYOR. #cheems #minikishu",[],121565,3,113.9315838800375,2091,"['0xBender', 'CheemsInu', 'BitcoinMagazine', 'CRYPTOCHARlZARD', 'APompliano', 'cz_binance', 'CryptoSavingExp', 'cryptobarbieBSC', 'bishoff_jj', 'greywolfeth', 'paddi_hansen', 'crypto_bitlord7', 'BitcoinFear', 'OfficialTravlad', 'Blockworks_', 'IcedKnife', 'MartiniGuyYT', 'MrktMeditations', 'rovercrc', 'hehe_kev', 'Franklingenesi1', 'theendgame666', 'CCribz', 'TheCryptoLark', 'AltcoinDailyio', 'lambosoonexpert', 'AssetJunkie', 'saylor', '1goonrich', 'QueenBreeBSC']",65.5,60.56,"['wagmi_team', 'boredfloki', 'Babycake', 'tribeonedefi', 'OfficialTravlad', 'AltcoinDailyio', 'CometCalls', 'xApeOfficial', 'syscoin', '1goonrich', 'CupheadCoin', 'BitcoinMagazine', 'BabyCakeNFT', 'yoomoota', 'ThecatWorldx', 'BoobyTrapBsc', 'CRYPTOCHARlZARD', 'cz_binance', 'IcedKnife', 'binance', 'TheCryptoLark', 'verified', 'tommywheelart', 'tribeone', 'CheemsInu', 'ProtestDontRiot']"
30,AJ_cryptoo,AJ Crypto üà≥,False,2021-09-17 20:49:43+00:00,178 days 08:21:16.865861,178,https://t.co/AJmyjPGo2X,Crypto shiller | Social media promoter | DM for service üì© #BTC #BNB #ETH #SOL #Crypto #shill #Gem #NFTüí•üí•,[],20012,2,112.42696629213484,5666,"['EvanLeeDyer', 'KRYPSOL', 'In_Decillions', 'LadyofCrypto1', 'scrooge_coin', 'WatcherGuru', 'cryptobarbieBSC', 'tattoo_inu', 'William1794267', 'jakepaul', 'NFTGiveawayy', 'hehe_kev', 'Switch_589', 'scrooge_mcducki', 'MoScroogie', 'RibalSarieddine', 'CheemsInu', 'Robert_DogNiro', 'AJ_cryptoo', 'lilbaby4PF', 'AltcoinGordon', 'OfficialTravlad', 'kingzurak', 'AlfredSchubert3', 'cz_binance', 'OvidiuM15743730', 'Yongchong90', 'Fargason86', 'Eljaboom', 'elonmusk', 'MgsSoleh', 'sneakerheadsoff', 'Elizabe03699337', 'uf_coin', 'katanainuHodler']",14.8,340.12,"['ChinaPumpWXC', 'bradyllewis', 'Perry8k', 'Gem_Catcher_G', 'OfficialTravlad', 'WalterInuToken', 'DEXToolsApp', 'cheemsyboy', 'Elizabe03699337', 'hehe_kev', '1goonrich', 'katanainuHodler', 'ZeldaInu', 'tattoo_inu', 'jakepaul', 'macstorm17', 'THERUNGUYS', 'scrooge_coin', 'CoinMarketCap', 'MccuddenJacob', 'scroogerulez', 'kawakami_io', 'Splicemon', 'MetaMask', 'TrustWallet', 'AJ_cryptoo', 'kittycoinbsc', 'cz_binance', 'CatFunToken', 'HucksteppJordan', 'binance', 'elonmusk', 'SatoshiBSC', 'CheemsInu', 'OG_Brad0013', 'TheWolfyofBSC']"
31,SharksCoins,Sharks ü¶à #BSC GEM HUNTER,False,2013-07-04 13:26:06+00:00,3175 days 15:44:54.550766,3175,https://t.co/Tmi7KqL90d,CRYPTO PROMOTER. Cryptocurrencies that could make you a millionaire üòéü¶à Follow for let‚Äôs get ùê´ùê¢ùêúùê° together üí∏ DM FOR PROMO üëÄüëÄ,[],111217,3,35.02897637795276,631,"['CryptoMichNL', 'Orlando10619005', 'Ste_Cha_FEG', 'safezone_token', 'SharksCoins', 'ayucharlottee', 'NikolaBench', 'MetaCashBSC', 'allyATL', 'InuKishu', 'cryptogems555', 'CryptoGemsCom', 'ChinaPumpWXC', 'babycheemsinu', 'yourcryptodj', 'CravCoins', 'ThePacoRoy', 'lucky74914247', 'KAPEX_Token', 'FEGtoken', '0x_Strata', 'LordCryptoGem', 'BodaToken', 'DLKDIRTYJ', 'selenaroyf', 'META_Shiba', 'Hotbit_news', 'BikiniFinance', 'blastofffinance']",224.74,99.6,"['Gem_Buyer', 'MiloInu', 'DiveWallet', 'GalaxyHeroesGHC', 'Jermzz78', 'oklgio', 'EverGrowPaul810', 'HydraMeta_org', 'BabyDogeCoin', 'cryptogems555', 'UNIMOONnetwork', 'EverGrowArmy', 'ChiliBSC', 'TwinuETH', 'AltCryptoGems', 'robotshiba', 'SharksCoins', 'FEGtoken', 'binance', 'elonmusk', 'Shib_nobi', 'TiggerFinance', 'cave_gem', 'MetaCashBSC', 'InuKishu']"
32,cryptowave93,Bsc Gems,False,2021-02-03 13:21:04+00:00,404 days 15:49:57.200098,404,,Bringing you altcoin gemsüíé Not Financial Advice. #BNB #BSC #ETH,[],21398,2,52.96534653465346,2778,"['elonmusk', 'DFSMAFIA99', 'Adam57431708', 'Keurkeurkeur', 'WazzyFawwaz', 'Mannisingh2017', 'RubenFloyd5', 'Cryptohodlcrew', 'get_a_goal_', 'manuelrdigital', 'Qryptopound', 'HimeAho', 'lazerfays', 'William1794267', 'ZiliusMindaugas', 'bel_carraro', 'SharmsterTm', 'rhaine_prince', 'Thaitanium156', 'memehuntcrypto', 'TheWorstCoin', 'crypto_SteveO69', 'Sammycrypto_', 'DenaTor09596924', 'GenshinFloki', 'cz_binance', 'Whalesincoming', 'buffdogecoin', 'noskills11', 'Samale_waceys', 'Allans1405', 'nharbin1', 'kibajoker', 'MemeBillionaire']",31.2,13.2,"['GoatFinanceDeFi', 'TheWeb3Project', 'Hydraverse_io', 'SmartShiba1', 'GreenCat_Bsc', 'MetAcesCasino', 'MetaPlane_Token', 'Catcoinbsc', 'qatar2022token', 'Koala_CoinBSC', 'EverCash_bsc', 'dogcointoken', 'PoodleCoinBSC', 'kittengotchibsc', 'Croccoin_bsc', 'DpadFinance', 'KEVINinBSC', 'WingsProtocol', 'MetaGameSpace', 'EroticYachtClub', 'LoopNetwork3', 'twistpadtoken']"
33,CryptoGemsCom,Crypto Gems üíéüíéüíé,False,2011-08-10 21:37:48+00:00,3869 days 07:33:13.875817,3869,https://t.co/m0J9aRV1IX,Gem Hunter üö® #Bitcoin #Ethereum #BSC #BNB #Solana #AVAX #FTM #CryptoMarkets #Defi #NFTs #Memes #Metaverse #CoinMarketCap,[],276612,3,71.49444300852933,641,"['AltcoinWorldcom', 'altcryptocom', 'CeladonCoin', 'InuKishu', 'SafeVerseBSC', 'robinhood_star1', 'CryptoGemsCom', 'BSCGrimaceCoin']",186.22,44.32,"['SafeVerseBSC', 'HuobiGlobal', 'CeladonCoin', 'cz_binance', 'CryptoGemsCom', 'Shido_Inu', 'binance', 'anndylian', 'kucoincom', 'robinhood_star1', 'InuKishu', 'BSCGrimaceCoin']"
34,AltcoinWorldcom,AltCrypto World Gems üö®üíéüö®,False,2014-06-26 11:18:24+00:00,2818 days 17:52:38.476680,2818,https://t.co/4o1NlCrgX3,"üêãGem Finder - Lowcap Alt hunter OHM FORK FINDER! #BSC, #ETH Gem Finder! #Altcrypto #Crypto #BNB",[],58681,2,20.823633782824697,7814,"['altcryptocom', 'CryptoGemsCom', 'SafeVerseBSC', 'AltcoinWorldcom']",201.8,41.14,"['AltcoinWorldcom', 'SafeVerseBSC', 'HuobiGlobal', 'cz_binance', 'Shido_Inu', 'CryptoGemsCom', 'binance', 'MeMaToken', 'kucoincom', 'altcryptocom', 'kingbezostoken', 'InuKishu']"
35,Whalesincoming,Mr. BIG WHALE,False,2011-02-05 18:18:53+00:00,4055 days 10:52:10.193488,4055,https://t.co/NH3Xgspg86,#Bitcoin #BNB #Ethereum #Solana #AVAX #Tron #ADA #Shib #Meme #Alts | Never dm first | never ask for dm | nfa | dyor | also follow @MrBigWhaleREAL | dm is open,[],2408608,4,593.9847102342786,41,"['elonmusk', 'cameronmoulene', 'Kristennetten', 'CoinMarketCap', 'Whalesincoming', 'PPathole', 'BigShibaInu', 'FTX_Official', 'ShibInformer', 'nasdaily', 'AltcoinGordon', 'danheld', 'WatcherGuru', 'krakenfx']",147.96,323.62,"['Cfunk69420', 'Bobatama', 'saitama', 'TunaDin3', 'EvaFoxU', 'BigShibaInu', 'Kristennetten', 'DylanRIver10', 'RTFKTstudios', 'Shibtoken', 'SHIB4inu', 'news_of_bsc', 'Writer_01001101', 'saylor', 'MrBigWhaleREAL', 'RealFlokiInu', 'tradingview', 'wonderofscience', 'HuobiGlobal', 'dr_htt', 'CoinMarketCap', 'Z_Humphries', 'AshleyDCan', 'OGK_34', 'Evelyn9Maya', 'FEGtoken', 'cz_binance', 'Whalesincoming', 'elonmusk', 'Shib_nobi', 'Teslarati', 'SirineAti', '_memetaslan_', 'safemoon', 'femalequotient']"
36,Crypto_ladd,Crypto_Lad,False,2022-02-08 12:12:50+00:00,34 days 16:58:13.973264,34,,"#NFT #BSC #ETH  - NFA - I love low cap degen plays & long term utility projects #x100gems
#btc #bsc #erc #cheems #crypto #erc20 #DeFi #Saitama #Shinjiro",[],8312,1,244.47058823529412,923,"['HRHSaitama', 'joao2fast4u', 'WalterInuToken', 'crypto_SteveO69', 'chinapumprocket', '1goonrich', 'phaltron', 'dam_wally', 'TheMoonCarl', 'thebash91', 'Crypto_ladd', 'allyATL', 'crytodiamond', 'TheShibLord1', 'crypto_boss1521', 'Eljaboom', 'Cryptic_Maestro', 'OfficialTravlad', 'AltCryptoGems', 'Crypto_ScottyT', 'ccomissioner', 'MickaelBacheli1', 'CometCalls', 'AmineAliyah', 'William1794267', 'DaCryptoGeneral', 'Shinjirotoken', 'Robin13176559', 'Shelbytokenio', 'TokenSaint', 'davidgokhshtein', 'ZachBoychuk', 'CryptoKing1st']",2.3,366.7,"['Thaitanium156', 'Crytpoisfreedom', 'TheShibLord1', 'Crypto_ScottyT', 'Cryptic_Maestro', 'OfficialTravlad', 'CometCalls', 'ScottLEOWarrior', 'DaCryptoGeneral', 'allyATL', 'cryptogems555', 'rovercrc', 'EvergrowForLife', '1goonrich', 'TheMoonCarl', 'MrsCheems', 'Crypto_ladd', 'Shelbytokenio', 'chinapumprocket', 'Eljaboom', 'AyeFoo1212', 'MajesticDrama', 'FEGtoken', 'verified', 'Shib_nobi', 'DFSMAFIA99', 'Socaverse', 'CheemsInu', 'Shinjirotoken']"
37,Cryptic_Maestro,Cryptic_Maestro,False,2021-05-28 01:35:51+00:00,291 days 03:35:13.670911,291,,"#CrypticMaestro. Lower your slippage, increase your gas, save money. #Ad Finding the more realistic 5 - 50x Gems. Nothing stated here is Financial Advise. DYOR.",[],47290,2,162.5085910652921,6391,"['Little_finger89', 'elonmusk', 'StudentInu', 'cryptomusclejoe', 'VoltInuOfficial', 'isaac_proudfoot', 'Anthony63097330', 'CryptoShlug', 'Crypto_Penn', 'CometCalls', 'KongTamaToken', 'ScarfaceDefi', 'Frank_inu', 'NCAA_Token', 'OfficialTravlad', 'ThomasBahomas', 'OneEndlessly', 'T3Dirks', 'evelynscrypto', 'lessURUnknown', 'andronodes', 'Ethan_KOMPETE', 'woland448638891', 'alexandros_ios', '1goonrich', 'altcoin_prince', 'Crypt0gemworld', 'anehab0', 'brotoken_', 'cryptobarbieBSC', 'ShieldsSir', 'cat_yacht_club', 'jewblexicant', 'TheArabCrypto', 'sekakulina123', 'TheDeFiPlug', 'CryptonicWater', 'DurhamInu']",40.96,19.52,"['SonOfDogeV2', 'CometCalls', 'Altwhale5', 'danielg_ssj', 'CoinFastAlert', 'All3nWill', 'Beenish84729224', 'StudentInu', 'Crypto_Penn', 'Alberto7767']"
38,Altcoin_Mark,Altcoin_Mark,False,2016-05-20 10:08:01+00:00,2124 days 19:03:04.392073,2124,https://t.co/5CVnspYKkM,üíé #Crypto üí∞|Dm me for Promo üì©| #nft #DYOR #NFA Nothing on this page is financial advice #altcoin #memecoin,[],42818,2,20.159133709981166,72621,"['CastonzoIii', 'KRYPSOL', 'OfficialTravlad', 'Eljaboom', 'rovercrc', 'MartiniGuyYT', 'CryptoSavingExp', 'CryptoWhale', 'KarrimMohamed1', 'Technic_123', 'Xander_ATM', 'CL_Mania1', 'elonmusk', 'BTC_Archive', 'BSCGrimaceCoin', 'Cryptic_Maestro', 'VCChinese', 'crypto_meme_bot', 'AltCryptoGems', 'TheGemHunters', 'gate_io', 'Trent209', 'PositionEx', '1goonrich', 'HuobiGlobal', 'VT6688', 'RiskToRiches', 'TheMoonCarl', 'CometCalls', 'vivek70vivek', '1Vvorldz', 'VitjaVladi_c', 'CryptoG3MSS', 'Steve_w1ns', 'srikky2', 'AlexisChabrier']",32.57142857142857,46.36734693877551,"['GreenChartBSC', 'McDonalds', 'WatcherGuru', 'dogecoin', 'Altcoin_Mark', 'Chiba_inu1', 'WalterInuToken', 'FungieDAO', 'OfficialTravlad', 'BSCGrimaceCoin', 'SpyWolfNetwork', 'Messiah', 'RockomaniaMan', 'CometCalls', 'GrimaceHodler', 'CaramelToken', 'Giov_Gabriel', 'coinkitten1', 'Tesla', '1goonrich', 'LunaInuCoin', 'Shido_Inu', 'cal_ej', 'MungarayJr', 'benjisquad_eth', 'travlad', 'SPectatorGroup', 'kittycoinbsc', 'ShibaYachtClub_', 'verified', 'elonmusk', 'SecuredShip', 'CryptoBanter', 'Katnip_off']"
39,CometCalls,Comet,False,2021-07-26 14:05:00+00:00,231 days 15:06:06.112244,231,https://t.co/oeozfRSZaG,"I have a very large brain. Never been wrong in my entire life. Despite that, nothing on this page is financial advice. #minikishu #cheems $LUNI #PULI",[],21043,2,91.0952380952381,12291,"['Sir_Tezz', 'mralexrest', 'Cwiedmar', 'partyhorses', 'CoinsFisher', 'G3_Valhalla', 'Krypto_masters', 'cz_binance', 'justindelaney', 'crypto_inked', 'majesticboss55', 'PricedinBTC', 'BitcoinMagazine', 'shib_vinci', 'elonmusk', 'crypto_bitlord7', 'OfficialTravlad', '1goonrich', 'kryptotheory', 'ChinuCoin', 'cr0ssETH', 'IcedKnife', 'StackingU', 'KirbyLarp', 'WClementeIII', 'SpiritofPines', 'graviteacrypto', 'gainzxbt', 'RiskToRiches', 'cryptogems555', 'Shopify', 'lambosoonexpert', 'crypto_birb', 'ElonGoatToken']",35.38,19.72,"['zachxbt', 'crypto_bitlord7', 'partyhorses', 'worldofwomennft', 'AltcoinDailyio', 'BrentlyETH', 'EXA_DARK_SIDE', 'Bmorekreative1', 'shib_vinci', 'ARJENROBENNNN', 'flokieasterbsc', '1goonrich', 'bullish_cryptoc', 'RiskToRiches', 'gucci', 'Eljaboom', 'PokemonYachtBSC', 'frombroke2bags', 'PapiBrahvi', 'IcedKnife', 'elonmusk', 'Sir_Tezz', 'ElzWorthBentley', 'Krypto_masters', 'davidgokhshtein', 'Crypto_cuzin', 'LadyofCrypto1']"
40,The100xGems,The 100x Gems üíπüöÄ,False,2021-12-07 15:38:09+00:00,97 days 13:32:57.857637,97,,Low cap GEM HUNTER | BIG #BNB and #ETH whale üê≥,[],78371,2,807.9484536082474,261,"['BNBShiba', 'BitcoinMagazine', 'Dennis_Porter_', 'saylor', 'genius_coin', 'DaCryptoGeneral', 'elonmusk', 'WatcherGuru', 'aeia444', 'SaylorInu', 'Davincij15', 'MetaHumanGlobal', 'DocumentingBTC', 'The100xGems', 'CocuchiCoin', 'davidgokhshtein', 'OfficialTravlad', 'LayahHeilpern', 'AngryBearNFT', 'clarkmoody', 'danheld', 'DaCryptoWhale', 'AltcoinGordon', 'rovercrc', 'BTC_Archive', 'TheMoonCarl', 'redditSpacePorn']",1293.02,551.56,"['genius_coin', 'BTC_Archive', 'AssureDefi', 'WatcherGuru', 'Zebec_HQ', 'Davincij15', 'Exponentialgem', 'Xodusfinance', 'SolanaVentures', 'DocumentingBTC', 'saylor', 'Dennis_Porter_', 'BItGet', 'AlamedaResearch', 'BitKeepOS', 'HuobiGlobal', 'The100xGems', 'UpWayDAO', 'FTX_Official', 'whale_alert', 'YGGIndia', 'BitcoinMagazine', 'moondatebsc', 'danheld', 'CryptoMiningLLC', 'okx']"
41,chitaglorya__,chita gloryaüçí,False,2021-10-16 16:40:14+00:00,149 days 12:30:53.557192,149,https://t.co/5TrjurqDxT,social media & crypto project promoter üìà || #cutetesty vouch @winnerchita || #nfts || crypto paypal gcash ewallet bank || reborn ||worldwide üåç,[],253964,3,1704.456375838926,332,"['MIVR_07', 'm1ssufeixcity', 'maretcityxx', 'heyarleen', 'lmissufe', 'FishcityxWin', 'crushonxeno', 'reymelbigwin', 'hank_blessed', 'asegovianomx', 'Miss_ufee', 'mobigwinpls', 'heyimhaniie', 'cakeffla', 'missufebzcityx', 'nayrnwincityx', 'pickjisoo', '_abeejohan', 'bigwinbaek', 'vivihairunisa6', 'syenelmevvah', 'capr1cornwonw1n', 'lonjwincityx', 'winacityforpapa', 'yesecluv', 'bejopickaw', '_ayuuu27', 'missuaracityx', 'missufenie', 'karisuuwincityx', 'dzakysaputra102', 'Emaktiripickaw', 'SutardiPick', 'luvyellow_', 'oshru_', 'NUcontest888', 'nyaribigwin', 'susisulinda', 'Jjametwinctyx', 'virgoverthink', 'winwinfolder']",293.8,7463.26,"['bigwinx1000', 'HokyRiego', 'RichKoala1', 'jaejef4y', 'Wolfkingtoken', 'Anitaquenivawon', 'avajitz', 'Manager_TMusk', 'GEMSstoneGetway', 'kirstingives', 'ClubEmperor', 'chitaglorya__', 'hyukaningtxt', 'SpaceRunnersNFT', 'thorainer', 'ScottLEOWarrior', 'DaCryptoGeneral', 'Sii_Bigwin', 'StatNFT', '_xenobaby', 'komangtrinanda', 'devb555_', 'luckymeimbigwin', 'DacxiCoin', 'CryptoSniper880', 'The100xGems', 'LiberoFinancial', 'JimmyPromot', 'pickme0107', 'linglingcityx', 'mskhan592', 'koliti_', 'DaCryptoGems', 'CryptoErogen', 'enhaloml10', 'meluOBAH', 'JRCastroLV', 'summynesia_ox', 'babycryptonite', 'Crypto_GA_Arena', 'winnerchita', 'angel_funsized']"
42,CryptoQueenBnb,üëëCrypto Queenüëë,False,2021-09-14 06:16:28+00:00,181 days 22:54:40.236301,181,,NFT's LOVER‚ù§Ô∏è |üíéCrypto Hunter | Cryptoinvestor ü§ë #BSC #BNB #BTC | I just share personal ideasüöÄ. #btc TheRealQueenOfCrypto,[],52976,2,292.68508287292815,2474,"['Kiot_Nft', 'NaoneJetta', 'NewHorizonNft', 'Manpunk_nft', 'sega_game_nft', 'RSS_Whistle', 'shyampprakash', 'Kia09061', 'BasiliskBuds', 'KarlaHe26261393', 'nft_nico', 'v_xtra', 'DogyClub', 'Themetamavz', 'PunksFifa', 'What_The_THING', 'FarooqU80717239', 'tansu_gorgulu', 'egutidzegio', 'artbarisatar', 'sun_dariia', '_Snezhaarty', 'feliciatheshine', 'YEMTOP', 'katehope_art', 'trippy_worlds', 'JM_Lopera', 'farazelahian', '1363Amin', 'SULY__ARTIST', 'HSkiiiiii', 'MusicWildemann', 'AsatoNft', 'GilaniSaeideh', 'Ulkamak1', 'apurvcharles', 'HorsesxWolves', 'Shill2Earn_Fun', 'Elypse2021', 'ArtvisionNFT', 'CityMonks', 'YakuCorp', 'RebeccaBluish', 'PUNCHIO_K_NFT']",28.64,83.68,"['NASAArtemis', 'catsoncrack_2', 'TiffanyXWoW', 'Everdome_io', 'Ancient8_gg', 'makersplaceco', 'AMV_Waifu_HC', 'PlatanasoToken', 'CommunityGaming', 'NASA', 'OG_Ape_Club', 'WondermanNation', 'polker_PKR', 'manifoldxyz', 'YakuCorp', 'Tomcoin_bsc', 'Hubert66867220', 'A8_Esports', 'Ulkamak1', 'CryptoQueenBnb', 'mymasterwar', 'AxieInfinity', 'BckDigital', 'streethers', 'BOREMON_BSC', 'Elypse2021', 'Shill2Earn_Fun', 'Wondernation', 'babycheemsinu', '4dTwinMaps', 'TitanoFinance', 'tastenft', 'CryptoGalery', 'MetaHumansGang', 'aegean2356', 'ArtvisionNFT', 'creo_engine', 'opensea', 'Meta_UFO', 'HoodieGang_NFT', 'HorsesxWolves', 'KnownOrigin_io', 'CityMonks', 'droidheadsNFT', 'sharkraceclub', 'ezraigor', 'tawan__s', 'EsportsAxie', 'SkymanVentures', 'YEMTOP', 'DeriProtocol']"
43,DarrenPromoter,Darren | Promoter üíé,False,2014-09-21 15:57:37+00:00,2731 days 13:13:32.012965,2731,,Guiding investors through #DeFi NFA DYOR | Marketing Specialist üöÄ | 100% Organic | #CRYPTO #NFT #SOLANA #ETH #BTC Turn üîî on for #Giveaways üì© DM For #Business,[],103448,3,37.879165140974,125,"['DarrenPromoter', 'LeoKQ123', 'Denise__Silva', 'LiinNekola', 'adulcihuuy', 'SolanaSaplings', 'greezyboy', 'LingBar1', 'BazingaPunk', 'czonc', 'DenAnShi', 'XtraveN', 'resulkat321']",21.78,25.3,"['DarrenPromoter', 'SolanaSaplings']"
44,Missypromotes,Missy üíõ,False,2014-03-25 22:25:06+00:00,2911 days 06:46:03.660574,2911,https://t.co/nyRblmMVrd,Social Media Promoter | Crypto Shiller | #BTC #ETH #BNB #BINANCE #Solana #NFT | Vouch #iwonmissy | #MissyAngels,[],217181,3,74.60700790106493,4385,"['LUCKYengepanalo', 'chiramisscityx1', 'chenbigwin_city', 'Barbiehost', 'nickys_a', 'wooxbigwin', 'klungsu07', 'ghoster_jaehyun', 'Eriumor_Rigganx', 'surpris3dmcutie', 'W4ngiDollar', 'princesspromos_', 'Zeggyyy1', 'dlwlrma_haru', 'heecityx1', 'bigwinxclubkjs', 'luckypickcityx', 'megpiewin', 'NixTaytay25', 'bigwinadia_02', 'Fact', 'Chila_Chilii', '0xdubuminho9859', 'Piyangggg1612', 'zezekepickaww', 'ellangzxkieee_', 'skywinsss', 'kwonsnyng_2614', '0304wins', 'susnomorewinpls', 'SophiaAlexaRey1']",354.38,1595.64,"['MDJClubNFT', 'CityXWiNCityX13', 'BitdogBitdog', 'MetaTriads', 'monsterjanenft', 'LakeemAkhie07', 'missufehopeux', 'Missypromotes', 'skeysoft', 'glazeddonutyum', 'roselavender018', 'AtlassNFT', 'flowerrwin', 'iwonmissy', 'wooxbigwin', 'winnerlagi', 'Devan080819', 'syubvk', 'Zeggyyy1', 'realpcywins', '0xSE0', 'monsterjaneHQ', 'BNBShiba', 'xxpickme_', '0xGlorye', 'Akunwangi98', 'nunabacot', 'Next100XGEMS']"
45,Xenos_Giveaway,CRYPTO XENOS üìàüíé,False,2011-08-28 20:27:08+00:00,3851 days 08:44:02.383070,3851,https://t.co/9PP3ZUf3vb,DM üì® to promote your Crypto projects | Gem üíé Collector | Only Account | $MUNCH $FIBO $DOME #CATGIRL DYOR Payout proofs #XenosLegit,[],211356,3,54.88340690729681,9249,"['Xenos_Giveaway', 'djamaher', 'GOLDUCKTOKEN', 'OfficialTravlad', 'Meta_Xeno', 'Mark008859671', 'cutiefyDe28', 'BigWin_Curut', 'TagAkuLah', 'kkuinbun', 'fateiswift', 'keruphuk', 'Echan_W', 'siinduutt', 'March_2521', 'ursoxees', 'heymisstruew', 'mdxcty_', 'yeomissufe', 'NiaMyahhh', 'Dyeswerte', 'riegoMark8win', '0xnaevisctybgwn', 'loyriego', 'ninbigwincityx', 'Nuqraheni', 'midoriyunqi']",256.28,1722.56,"['nemowangi', 'MDJClubNFT', 'OkBeary', 'BIGWIN2022MAY', 'M1WKYBAER1', 'MetaMansionsNFT', 'hr_inibigwinok', 'reo252_3', 'TheSamuraiSaga', 'jekicahya1', 'qwertiway', 'LFelixcutie', '0xOwa', 'inftmyeongsu', 'Once_Holy', 'geszjia', 'MM85560523', 'ngepetdollar', 'ox_missufe55', 'ari_ro88', 'suka_taehyung', 'InvisibleKennel', 'megaprimates', 'andrewlw_', 'yangterhoki', 'querenciacityx', 'winners1986', 'kooksdainty', 'Batukocak_06', 'CARNIVOREZNFT', 'dkfldv', 'tanniessz', 'Lobrigasmbigwin', 'Xenos_Giveaway', 'ndwaeyo', 'Oxcityxx1628', 'Arabicwhale']"
46,CryptoBarnuts,Anthony,False,2021-04-27 13:11:43+00:00,321 days 15:59:28.058569,321,,Crypto/NFT Promoter & Shiller | DM for Inquiries üí¨ | Legit Vouch Check: #Barnutsproofs #NUTify | #NFT #bnb #Solana #btc #avax $ETH,[],114336,3,356.1869158878505,1163,"['inowlucu', 'reykjd', 'CryptoBarnuts', 'cz_binance', 'danCryptoz', 'DGRCoin', 'elonmusk', 'deagagnerwinx', 'PolyMonOfficial', 'ape_wallstreet', 'winsssheurt', 'NFT_World_News', 'CatDragonFight', 'HseungRamen', 'nanajaems_', 'mimiwluck', 'APDJAPS', 'misskinderjoy', 'minji_suaxx', 'crewzynemo', 'chlnhz', 'sarrrwinx', 'gibkeulaeo_', 'CryptoLokii', 'angelo090406', 'iris_81194', 'fourthbigwin', 'KimSuno81585323', 'amoraecamero', 'winxx_cityx', 'kawiboo_', 'nattywin', 'winwin1485_']",63.84,274.52,"['alimontefalco__', 'BidWtf', 'DeadKnight_SOL', 'mangabakak', 'WinWin_Star_369', 'Gatausipaa', 'Ikyujiji', 'Jaycnshc_00', 'WeAreDefii', 'CryptoBarnuts', 'PutinFT', 'DopeOnesNFT', 'Ukraine', 'lucky_kel_', 'DefenceU', 'inowlucu', 'JokerDAOfinance', 'snowieeehoon', 'CryptoLokii', 'Workandholid4y', '3DMFER', 'Ayuubigwinn', 'TiggerFinance', 'gwinetb', 'MilaheMil', 'RLNodeDistrict']"
47,Bagremaraz,Bagremaraz,False,2018-12-07 01:52:27+00:00,1194 days 03:18:44.793084,1194,,"Social Media & Crypto Promoter üìà DM for more inquiries üì®
Daily Giveaways üéÅ
  Telegram: https://t.co/JhtrfgJ55x
Vouches #BagremarWin
#Cousins",['https://t.co/JhtrfgJ55x'],53352,2,44.68341708542714,1734,"['wanggmorie', 'rockerfellerxau', 'ayangbigwin', 'hveancloud', 'MDA0217', 'Baebaebigw1n__', 'HokineBojoku', 'Krypt__e', 'jisoo2095', 'pickmenavaplit', 'kaplun_09', 'bvtrave', 'laysyinxy', 'DANA_Cityx28', 'Jhyun_5', 'nzzysa', 'abcdefghijeonk', 'MrWinner786', 'kayecutie22', 'pulte', 'KadenaGuild', 'taylor818R', 'ivan_kliwonov', 'Bang_Garr', '4nnayra', '83tterluck', 'Capital15C', 'nayibbukele', 'Bagremaraz', 'Blockworks_', 'winneryaa_', 'NextEarth_', 'aciyebigwin', 'chitaglorya__', 'SparkLab3', 'kucoincom', 'camabaptngksie', 'toyaowens', 'Metahero_io']",24.04,88.42,"['hopefulchee', '2Bhernz', 'MikeTyson', 'NFungiblePeople', 'Bagremaraz', 'winneryaa_', 'maketafi', 'ChampionUSA', 'daz3d', 'geheimeaanbidd', 'stantwtforenha', 'MDA0217']"
48,vallerynaa,valleü¶ã,False,2019-12-12 23:43:00+00:00,823 days 05:28:12.464352,823,,Social Media & Crypto Promoter | #NFT & Shiller | DM for sponsor | vouches: #valleproofs,[],124524,3,151.30498177399758,10698,"['skawngi', 'vallerynaa', 'AndikaKannazuki', 'princesspromos_', 'ann__itsme', 'TwitFamily_', 'aiyumi_o', 'jackxmld', 'tbfren', 'luckyminariwins', 'syubvk', 'antonknew', 'isty_bigwin', 'hrjmybs', 'bigwinsforssy_', 'yupi_gummyummy', 'Red_Mild19', 'aprlwn22', 'yoroshityoo', 'yangbikinkangen']",115.18,760.04,"['AndikaKannazuki', 'skawngi', 'vallezyx', 'CatPunkBSC', 'jnkpromotes', 'jenooaegi', 'CarnyETH', 'NFTking1990', 'nftcryptogems', 'bigwinrcityx', 'SyeraPromotes', 'Aqilabigwin1', 'ShanayaPromotes', 'Bhina22', 'tbfren', '0xteyang', 'menangbigwinnn', 'dementerdeuz', 'A100888', 'ann__itsme', 'vallerynaa', 'beautifulyzh']"
49,coodazai,dazai ‚Ä¢ üìö,False,2010-08-14 22:48:49+00:00,4230 days 06:22:24.161826,4230,https://t.co/iPv6o3h72Y,"Social Media & Crypto Promoter / Shiller 
‚Ä¢ vouches #yadazai üáµüá≠ ‚Ä¢ alt acc ; @coodazaixga ‚Ä¢ DYOR",[],93056,2,21.99905437352246,2601,"['anongpizzana', 'sereingives', 'carpeedi3m_', 'yeyeshills', 'elleutheromani5', 'Peachysunoo05', 'GracieGegz', 'min6yuwon', 'bigwin_cutiieee', 'srndptybliss', 'bigwinscutieeu', 'xxlhssjy', 'anchorcityxwins', 'cwuniee', 'ashiannaskies', 'Jopromote', 'galaxyiaaa', 'jngsngwins7', 'minesdump_', 'kiyongie123', '134340WINS', '_delightmoon', 'ElfuzTea', 'pcyxiujin', 'sheonwin', 'zyahh_3', 'coodazai', 'loyalkaydazai', 'wonpuff', 'peachyymichie', 'nyxwins']",32.88,266.8,"['edssy_win', 'crypthaze', 'jaanangg', 'pickerspet', 'coodazaixga', 'avajitz', 'coodazai', 'Bigwin2022kanha', 'trejowinss', 'cjdrips1', 'mnyb018', 'sammiegives', 'mstatec_', 'ririezsuff', 'NyMinfra', 'lelehecapjahe', 'claimcoodazai', 'apexcityx_', 'CanasJustine']"
50,resaalfny,saa.,False,2021-02-15 08:59:21+00:00,392 days 20:11:52.793197,392,https://t.co/DM7FDNn83h,"Sosial media, #NFT & #Crypto PromoterüöÄ‚Ä¢ claim prize? dm @resaclaim_ | Telegram : https://t.co/ckoT1NmnBk | ‚Ä¢ vouch : #saagiveaways",['https://t.co/ckoT1NmnBk'],125527,3,320.2219387755102,5652,"['resaalfny', 'ETRNALGOO', 'MikaelDewabrata', 'jaysurfs', 'xraykh_']",132.52,783.64,"['jaevvin', 'SantryHuang', 'yangbikinkangen', 'preciousmilkway', 'CryptoNova_', 'missufue', 'resaalfny', 'myfitwin', 'VioletCrypto_', 'msbb_id', 'ShitCoinBscGem', 'Renjwln', 'SyeraPromotes', 'cllmtiara1', 'mbakyetii', 'Val_KiMoban', 'Leyton', 'hernanlafalce', 'resaclaim_', '333_bats', 'carlo_armilo', 'combangwin', 'NaishaHost', 'juicebymy', 'svtbambambam', 'Brunakhanok', 'goldietaa', 'yowniechan']"
51,yournangel,angelüßö‚Äç‚ôÄÔ∏è,False,2018-07-05 06:04:29+00:00,1348 days 23:06:45.462451,1348,,social media & crypto promoter Íï• NFT & Shillerüî• Íï• ‚Äî vouches üíå #allfromangel - dm for promotionüßö‚Äç‚ôÄÔ∏è,[],105797,3,78.48442136498517,1891,"['yournangel', 'weareoneEXO', 'HOURLYCBXEXO', '614source', 'codeB5O6', 'skdrhzx']",46.32,189.28,"['CarnyETH', 'jaemxcty1', 'mnialdrn', 'pzusing', 'NFTjansi', 'preciousmilkway', 'Jaena_yaaa', 'AscendEX_India', 'MissufeWIN14jt', 'yournangel', 'HURRICANEDEFI', 'sweetyhost', 'kitakanwin']"
52,bainesy4886,Bainesy Crypto üöÄ,True,2012-01-14 18:52:54+00:00,3712 days 10:18:21.113343,3712,https://t.co/lei3qFEfkk,Social Media Strategist & Crypto lover üöÄ ‚Ä¢ Giveaway host üí∞ ‚Ä¢ DM for promotions üì© ‚Ä¢ Telegram @bainesy4886 ‚Ä¢ #BainesyGives,[],125460,3,33.79849137931034,860,"['0xSunxine', 'bej05758_', 'UdinpetoT_007', 'BeeBigWin', 'YellowCityx', 'summerchive', 'dynr_yz1', 'Urz0my', 'FajardoJael', 'Blinkbigwin', 'suryabayu96', 'lxcyn_05', 'oreokeoke', 'gwyeeeun', 'leukosee', 'WINNER198720', 'keepseulgi', 'melindaokey', '_yowdee', 'Aishi_0101', 'Miickeymii_Naj', 'missuvhan_', 'bela_wins', 'WhoTaoHarum', 'heymissufe', 'evaluckyriego', 'Isnandaa_', 'blessmexyz', 'maknyaShofi', 'ThankGodBigWinZ', 'picknavan__winn', 'maretwinby', 'Virab4', 'CryptoPasss', 'cainin77', 'celesvy_', 'mustardfox', 'jjaecityhokii01', 'synzviky', 'enerawrwins_', 'TheCryptoFenix', 'petrichorosa']",65.54,970.0,"['lintangkecilkoe', 'bismillah_2022', 'BrianLSkinner', 'ranjanhAimahan', 'StonkInu', 'TheCryptoFenix', 'kryxivia', 'bears_adorable', 'SinnersGang_NFT', 'Cryptomethis_', 'rappertaeh', 'holdtoearn', 'TFG_NFTS', 'bainesy4886', 'sneakerheadsoff', 'dyoswins', 'iwonyey', 'leo_ian0', 'HDHridoy441']"
53,ladycryptogem,LadyCryptoGem üíé,False,2019-08-25 16:13:50+00:00,932 days 12:57:25.855393,932,https://t.co/uIY2j6vpaQ,Crypto Influencer | Grow your Crypto Projects üìà | Shill Tweets & Giveaways | Crypto Investor | Always DYOR üíå DM for Promo #LegitLadyCryptoGem #BTC #ETH #BNB,[],372350,3,399.5171673819743,54,"['HyperApes', 'CryptoGem_15', 'degenapesociety', 'sof1azara03', 'HottieBabeGem', 'cyborgbethchie', 'funky_xmas', 'aikonft', 'ConsolsNFTs', 'ladycryptogem', 'LoveaBot', 'brianbenjie', 'GalaxyHeroesGHC', 'MissufeKitty777', 'NftPepi', 'wegobattle', 'CutieBabeGem15', 'SolYetis', 'LiveSmart', 'unpublishedpost', 'stowberryuyu', '0xAM00R', 'Axelred777', 'tteokpokixx', 'Zeck_23', 'MiniFootballBsc', 'HayutiRiska', 'nareirarei', 'CoinMarketCap', 'CoinDesk']",296.12,2285.76,"['octarincityx', 'History_DAO', 'Junmacityx614', '_lucky304', 'LeM_2021', 'MetabaseEN', 'SberCoinBsc', 'SquidRoyale', 'markovonik', 'CryptoGem_15', 'shootpad_io', 'semvakk_bolongg', 'bigwinTheWinner', 'choanniezheia', 'kriptokombatan', 'Sky_line15', 'CargoLinkCLX', 'b3ruzHa_bigWin', 'ladycryptogem', 'akunpaLingharum', 'zenpromoter', 'BattleDroidsNFT', 'BscSafeHunter']"
54,CashBro_303,CashBros.Eth üî•,False,2021-02-09 13:14:45+00:00,398 days 15:56:31.586963,398,,CryptoShillingüî• ‚Ä¢ #Bitcoin #BNB #Tether #DeFi (Shill Me 100x) TG ID: https://t.co/rGiNg217Ef üëÄ üëâ @everdome_io Metaverse Game ChangerüöÄ,['https://t.co/rGiNg217Ef'],258608,3,649.7688442211055,10335,"['alyaaurel2203', 'CashBro_303', 'cz_binance', 'Hiraeth_1726', 'SirJonasz', 'TenseT_io', 'kthluvrwinx', 'latha010387', 'Cashbro100x', 'elefaeldoriuef', 'yelovzky', 'Java_RiegoWin', 'Rinduuuu91', 'pikayyyuwins', 'WorldWideWob', 'andi_fillan', 'KenediLanang', 'yukmampirkak', 'GodofTikhe', 'pickawpickme22', 'fabsluck', 'missmaretbigwin', 'bbooyah_', 'biscofp', 'jntydc', 'capekyaasama', 'im_win22euy', 'Rick_S012', 'llilyputc', 'pick_wins', 'ninbigwinz', 'summerchive', 'Rumayr7', '6ihans', 'ayangbigwin', 'OkBeary', 'kinnaxvii_', 'pokokerebes', 'maretbigwin01', 'AdamSchefter', 'Tyler_Polumbus', 'SuttonCourtland', 'PFF_Fantasy', 'ShelbyHarris93', 'gbolles72', 'SportsCenter']",95.12,1072.28,"['bigwinyucityx', 'CiervoGems', '_Meta_farmer', 'alyaaurel2203', 'CASHBROS303', 'cemenix13', 'Menangin_dong', 'MaskFoxOfficial', 'sejagatsraya', 'ngejoshwayar', 'kthluvrwinx', 'TheKarmaCats', 'TheKevinToken', 'THEDARKNESSCON1', 'Hiraeth_1726', 'GordoVerse', 'iCiervoKing', 'callmeiboy', 'CashBro_303', 'JRCastroLV', 'shafiabigwinx', 'munchfuckin', 'Cashbro100x', 'ruru_cryptor', 'blukutugg', 'capekyaasama']"
55,CompBrosCrypto,Competitive Brothers CRYPTOüöÄ,False,2015-08-22 23:21:33+00:00,2396 days 05:49:44.341001,2396,https://t.co/yCghyokQFI,"We give üíµ daily. NFT & Crypto Enthusiasts, SM Promoters üöÄ (NFA/DYOR), Content Creators & Streamers. Business inquires? DM us. Winners at #CompBrosLegit",[],222008,3,92.65776293823038,16716,"['FossyGFX', 'BoredOtterClub', 'CompBrosCrypto', 'BrosManager', 'BuddiesAlien', 'atem_network', 'Lamonacrypo', 'fund_v1_xtra', 'shunlinft', 'Sara_sara_97', 'ScottLEOWarrior', 'DaddyskinsCSGO', 'ciiluckba', 'balbakua7', 'ZahwaNadira5', 'cloverbigwin1']",276.8,1049.26,"['SeptaYuan', 'meta_moustache', 'BrosManager', 'TWPicker', 'BoredOtterClub', 'turtles_club', 'mart_ikaPickwn', 'Mielhubert1', 'soleiszx', 'web3_doge', 'CompBrcsCrypto', 'thyme1993', 'iotaMESH', 'blessmewithwins', 'bigwiNjaeMcity_', 'fputinofficial', 'crmaster69', 'CompBosCrypto', 'Jjametwinctyx', 'VikingPokerDAO', 'FossyGFX', 'Dewi_20061996', 'CompBrosCrypto', 'swerteyan', 'RLNodeDistrict']"
56,Next100X_Crypto,Next 100X Crypto Ó®Ä,False,2021-10-19 07:28:37+00:00,146 days 21:42:41.055679,146,https://t.co/d5HCmBsN9W,#NFTs & #Crypto is the future! I‚Äôm proud Because I‚Äôm part of those :) #Next100XGems,[],89638,2,613.9589041095891,256,"['Next100XGEMS', 'cz_binance', 'hiRavenCrypto', 'PancakeSwap', 'atem_network', 'fegislove', 'FEG_Nando', 'BTC_Archive', 'EverRise', 'saylor', 'TheMoonCarl', 'kasta_app']",20.82,3156.72,"['FEGtoken', 'cz_binance', 'ShibnobiNews', 'binance', 'BTC_Archive', 'elonmusk', 'MiniDOGEToken', 'PancakeSwap', 'TheMoonCarl', 'BigShibaInu', 'MartiniGuyYT', 'BitcoinMagazine', 'BitcoinFear', 'VitalikButerin', 'hiRavenCrypto', 'EverRise', 'opensea', 'Next100XGEMS']"
57,BscGemx100,üíé #BSC Gems üöÄ,False,2021-11-02 05:14:04+00:00,132 days 23:57:14.825725,132,https://t.co/chZsUgPDr0,"#CRYPTO & #NFT PROMOTER | DM US FOR
     SHILL üì© | TG: BscGems_x100 | DYOR RESEARCH BEFORE INVESTMENTS üî• #BSCGEMS #BSC",[],35603,2,269.719696969697,591,"['AltGemHunter', 'BscGemx100']",11.26,18.48,"['CakeVillagebsc', 'CocaineInu', 'DefCafeSociety', 'TheWeb3ProjectT', 'GalaxyHeroesGHC', 'DBQuestOfficial', 'BscGemx100', 'AltGemHunter', 'Shibtoken', 'cheemsprotoken', 'laikadog_space', 'OctaverseGames', 'FirstDogeEN', 'BitShibaToken', 'ApeDynasty_club', 'lnrdefi', 'BabyTigerInu1', 'ShengweiTigerCN', 'BabyDogeCoin', 'InuSaitama', 'Meta_Nationsbsc', 'BabyDogeFood', 'GGGSmartDefi', 'bnb_superheroes', 'RealFlokiInu', 'InpulseX_io', 'GroundhogToken', 'solcashbsc', 'scrooge_coin', 'CoinMarketCap', 'TheWorstCoin', 'MetaXHunter_TW', 'TheBinanceNFT', 'jeetparakeet', 'HectorDAO_HEC', 'AsixToken', 'dxsale', 'aikoIofficial', 'DogeColony_io', 'FEGtoken', 'binance', 'elonmusk', 'ToonKing_', 'DogelonMars', 'pinkecosystem', 'CheemsInu', 'Gamiumcorp', 'equitycoinbsc', 'InuKishu']"
58,CryptoKuiil,UNCUT GEMS,False,2009-12-18 23:57:59+00:00,4469 days 05:13:20.518060,4469,https://t.co/uNLvHYAfNj,Crypto Gem Finder Uncut Gems Lover Trader/Investor | Not investment advice https://t.co/oB3tGllIo0 https://t.co/VBsHXs4VQL DM for Business Inquiries. I have spoken,"['https://t.co/oB3tGllIo0', 'https://t.co/VBsHXs4VQL']",19347,2,4.329156410830163,14440,"['GWSFinance', 'AngelicTheGame', 'ZeldaInu', 'daonatnet', 'CZaknun', 'PlayAscenders', 'SeedifyFund', 'MustafaAdanal02', 'CryptoKuiil', 'XTZ_ESPORTS', 'VitalikButerin', 'chiriloiionut', 'CryptoWizardd', 'MoonMetaverse_', 'Crypt_o_Rico', 'POWERCITYio', 'CrossTheAges', 'ilkerozkurt', 'Amos68_', 'DarkFrontiersGS', 'CryptoverseVIP', 'thewastedlands', 'Orbitauofficial', 'opulousapp', 'SBF_FTX', 'Kara4lifeHunter', 'ZappyFi', 'SpaceCryptoGame']",6.32,12.06,"['CryptoverseVIP', 'zeldainucreator', 'avalancheavax', 'SynapseNetwork_', 'fightoftheages', 'thewastedlands', 'gate_io', 'Bitboy_Crypto', 'BartBaker', 'Perry8k', 'PolkaFoundry', 'DarkFrontiersGS', 'CrossTheAges', 'AltcoinDailyio', 'ZappyFi', 'AvalaunchApp', 'michaelwrub', 'GWSFinance', 'domscrypto', 'AngelicTheGame', 'austinahilton', 'MustafaAdanal02', 'MoonMetaverse_', 'ZeldaInu', 'LayahHeilpern', 'GameFi_Official', 'TheMoonCarl', 'whale_alert', 'SnoopDogg', 'decubate', 'THERUNGUYS', 'SBF_FTX', 'POWERCITYio', 'animocabrands', 'PanteraCapital', 'Verasiancharity', 'MrBeast', 'SeedifyFund', 'Yourpop8', 'Crypt_o_Rico', 'TrustPad', 'cz_binance', 'gamespad_vc', 'TommyGemFinder', '0xArcyl', 'elonmusk', 'OuterRingMMO', 'kucoincom', 'PlayAscenders', 'Orbitauofficial', 'LoganPaul', 'davidgokhshtein', 'PascalCros', 'TheDaoMaker', 'AdeldMeyer']"
59,Krabby_eth,Krabby_eth,False,2012-11-20 06:35:56+00:00,3401 days 22:35:24.257361,3401,,"Crabs Assembleü¶Ä! Crypto traderüí∞NFT Collectorüé®
Always keeping an eye out for New ProjectsüëÄ
DM for marketing üì©üöÄ",[],14170,2,4.166421640693914,790,"['Mohhamedd321', 'TheRealShpitze', 'OniiEth', 'Miraz_Aslan', 'dippy_eth', 'LilTGems', 'WatcherGuru', 'jjoseph_john01', 'Krabby_eth', 'SatoshiRipper', 'EthJasper', 'dookiesnft', 'ImmanuelKantEth', 'MoonMoonGems', 'Imhotep_eth', 'CryptoMichNL', 'SpaceAlbertVIP']",18.224489795918366,261.1224489795918,"['ethereumarm_nft', 'ParallelNFT', 'dippy_eth', 'LostEdenNFT', 'RMDoxx', 'snatchy_eth', 'WatcherGuru', 'BladeKingGlobal', 'VoltInuOfficial', 'NFTshawty', 'MASQ_ai', 'LystToken', 'diverse', 'Miraz_Aslan', 'MMCrypto', 'TimesSquareNYC', 'khoshy', 'AltcoinDailyio', 'MoonMoonGems', 'Imhotep_eth', 'Dennis_Porter_', 'ShibaTitans', 'OniiEth', 'ShayanWazir5', 'NOSHITCoin_io', 'SafeSolidity', 'EnginesOfFury', 'dookiesnft', 'QuantumMecca', 'APompliano', 'CaliPnL', 'MimirToken', 'LilTGems', 'SpaceAlbertVIP', 'wizardschoolnft', 'JackedApeClub', 'Cointelegraph', 'CryptoMichNL', 'coolcatsnft', 'UnikongNFT', 'KaibaDeFi', 'BeatsuNFTs', 'UrbanApeClan', 'thenovatar', 'Zurlizurlizurli', 'LilMoonLambo', 'BradleyMartyn', 'NshProfessor']"
60,earlycoins,EarlyCoins,False,2021-05-17 10:32:52+00:00,301 days 18:38:28.974573,301,https://t.co/UaRFUDimmj,"Earlycoins is a Platform for Low Marketcap Projects 
Find New Crypto CoinsüöÄ
And NFT'S üî•
Check Us Out-  https://t.co/y3iqsmqgGk
join our telegram now - https://t.co/BGjFs9g1lj","['https://t.co/y3iqsmqgGk', 'https://t.co/BGjFs9g1lj']",3106,1,10.318936877076412,357,"['Ukraine', 'Majestic_Youkai', 'DummySocietyNFT', 'Reuben1Shaibu', 'cz_binance', 'cryptegridy', 'earlycoins', 'CrashTestNFT', 'Crypto_Dragons', 'ProcessLenz', 'GregorMaric', 'Cryptos4uu', 'ThirdEyeDesign5', 'MetaMoxie', 'Ommane', 'Metacoolcats', 'policethiefnft', 'SamakeClub', 'CoinMarketCap', 'MetarriNft', 'VoxHeadz', 'OTTEZnft', 'elonmusk', 'NFTGoldHeart', 'BillyM2k', 'dinobabiesNFT', 'solpizzas', 'Shibaclubnft', 'Model3Owners', 'solmandalas', 'OctopusManM']",5.3061224489795915,170.10204081632654,"['LPBCNFT', 'MetaGirlfriends', 'cryptegridy', 'pixelprimatesio', 'Chimp_Club', 'themetasapiens', 'eggtomatons', 'Steam_Exchange', 'RavensNFT', 'irina_cuteart', 'fanrungame', 'RoyalRabbitsClb', 'MadMeerkatNFT', 'NFTFC21', 'metafansnft', 'BestieArt', 'earlycoins', 'ToBoehm', 'saverroutes', 'GenericHeroes', 'Future_Turtles', 'afrobubble', 'Snow_punkz', 'SUPERDOGEio', 'ChargedPunks', 'coolbunnieseth', 'SpoderBytes', 'Powerpupsnft', 'SolApe_squad', 'animexNFT', 'Space_Tokens', 'Moondusa', 'PSLNFT', '0euvreAI', 'JustMogwaiz', 'OpenHeadNFT', 'wormcitynft', 'guppygangnft']"
61,CoinDiscoveryy,CoinDiscovery,False,2021-05-30 19:12:32+00:00,288 days 09:58:49.699701,288,https://t.co/hx8KbySvXR,CoinDiscovery gives you unparalleled coverage of Crypto revolution | Your top source for the best new cryptocurrency projects | Tweets Are Not Financial advice,[],26219,2,91.03819444444444,573,['CoinDiscoveryy'],13.12,3.02,['elonmusk']
62,Akbaalia,AKBAALIA.ETH,False,2011-02-26 22:16:52+00:00,4034 days 06:54:30.326256,4034,,"$ETH $SOL #NFT News, Featured Projects, Updates, Analysis | New Contemporary & Pop Art | Based in üáπüá≠ | No Paid Promotion | Crypto Class of 2015",[],6674,1,1.6544372830937035,6409,"['Loulanweu', 'THEJUM569', 'ONGGstudio', 'CryptoParadyme', 'santisiri', 'Theeylon', 'cryptotutor', 'NFTshawty', 'hunterorrell', 'Future7772021', 'josephdelong', 'DuncanBikkie', 'Emmicah1', 'TermStayRes', 'PaulConradPhoto', 'YourAnonNews', 'cryptoFLman', 'AsamiTerajima', 'mattysino', 'CozomoMedici', 'c0inalchemist', 'iSocialFanz', 'ledgerstatus', 'bluekirbyfi', 'ThomasVLinge', 'spencernoon', 'CryptoDonAlt', 'CharliCohen', 'sapitonmix', 'decryptmedia', 'ThinkingUSD', 'DmytroKuleba', 'triPUCK', 'jake_spitty', 'JustinPulitzer', 'inversebrah', 'Fitchinverse']",1.02,97.1,"['trading_peter', 'THEJUM569', 'withFND', 'zhusu', '2_4_5T_2_4_D', 'null_space', 'mattysino', 'Apple', 'hunterorrell', 'McDonalds', 'bigmagicdao', '0xAlice_', 'MonkeyCharts', 'CaliCoastReplay', 'TimRunsHisMouth', 'AltcoinDailyio', 'Kandavir', 'josephdelong', 'solana_king', 'KRMA_0', 'coinmamba', 'TwitterSupport', 'Gerygrietss', 'garyvee', 'DojoNamwong', 'nftpeasant', 'CypherzNFT', 'googlemaps', 'TheTaylorCo', '12yearoldwithcc', 'avril15NFT', 'bert1__', 'anicha_nft', 'Future7772021', 'beeple', 'UN', 'Auditor_CGAP', 'kissroses76', 'opensea', 'pierre_crypt0', 'ONGGstudio', 'MKU_NFT', 'Loulanweu', 'MacroCRG', 'inversebrah', 'latestinspace', 'blknoiz06', '0xinsanity', 'Paerytopia_NFT', 'twobitidiot', 'JayVader8', 'benangbaja', 'DonCryptoDraper', 'iamDCinvestor', 'DeItaone', 'trader1sz']"
63,Crypto_keep,The Crypto Keeper,False,2017-12-15 00:40:25+00:00,1551 days 04:30:58.077414,1551,,"In a long term relationship with #NFTs
Digging around for the best crypto deals.
Bringing dead projects some new life.
$BTC $ETH $BNB $CAKE #NFT",[],13361,2,8.61444229529336,2830,"['Cryptoboss2000', 'binance', 'hulkordie', 'TheApeBilly', 'steve46166200', 'beyondprotocol1', 'jmanzi123', 'Crypto_keep', 'BNBCHAIN', 'cryptocarti', 'BscProjectOrg', 'Miraz_Aslan', 'NeuralPepe', 'FlyFrogsNFT']",27.08,811.44,"['steve46166200', 'CryptoBear21', 'NattySanuk', 'crypto_lum', 'HamiltonHamie', 'OrlamboMoon', 'seascapenetwork', 'steveaoki', 'TheUFOtoken', 'GamebredFighter', 'PancakeSwap', 'attorneyjeremy1', 'Kali_Eth', 'GhostfaceCryptO', 'RoroSan32423142', 'space_bums', 'CoinDesk', 'BinanceChain', 'hulkordie', 'QuotidianM', 'Charlyjordan', 'beyondprotocol1', 'NeuralPepe', 'BabelHodl', 'TheMoonCarl', 'TheApeBilly', 'TheCryptoDog', 'PARABOLIT', 'thecoingirl', 'jmanzi123', 'Eljaboom', 'cz_binance', 'BscProjectOrg', 'cryptorapcalls', 'binance', 'nft_cars', 'ThinkingBitmex', 'astronauttoken', 'davidgokhshtein', 'Medium', 'RobGronkowski']"
64,cryptodaily_ann,Crypto Daily,False,2021-06-06 07:09:53+00:00,281 days 22:01:30.855369,281,,"üéäMarketing & Advertising of new projects
üéâPromotion of new Airdrops/Bounty/Giveaways

#BSC #Airdrops #TRX #BTC #SOLANA #BNB #Airdrop #Metaverse #WEB3",[],16213,2,57.69750889679715,1439,"['cryptodaily_ann', 'tech_cryptos', 'RealMetaRivals', 'casttoken', 'metalpaysme', 'ProtonXPR', 'HiBlockTalks']",2.14,702.44,"['SpookySwap', 'REVV_Token', 'avalancheavax', 'renprotocol', 'verasitytech', 'beethoven_x', 'ProtonXPR', 'arbis_finance', '0xPolygon', 'LiqProtocol', 'StargazeZone', 'cosmos', 'bonfida', 'OasisProtocol', 'Ultra_I', 'harmonyprotocol', 'moviebloc', 'TheUFOtoken', 'terra_money', 'cryptodaily', 'akashnet_', 'kadena_io', 'PancakeSwap', 'radicle', 'ArbiDogecoin', 'Polkadot', 'solana', 'metalpaysme', 'Stepnofficial', 'basismarkets', 'CapDotFinance', 'AxieInfinity', 'BinanceChain', 'PlayMining_SG', 'dego_finance', 'MetisDAO', 'mangomarkets', 'Terra_Virtua', 'arbinyan', 'NEARProtocol', 'YieldGuild', 'ArbiFarm', 'parsiq_net', 'PlayCrabada', 'RealMetaRivals', 'TrustWallet', 'clover_finance', '0xDAO_fi', 'solidlyexchange', 'VulcanForged', 'tombfinance', 'VoxiesNFT', 'GoGalaGames', 'troytrade', 'StarLinkETH', 'arbitrum', 'HiBlockTalks', 'Saber_HQ', 'ultra_io', 'HeroesEmpires', 'FantomFDN', 'FrontierDotXYZ', '_2omb', 'GamerHashCom', 'iearnfinance', '_veDAO_', 'KyberNetwork', 'VenusProtocol']"
65,HildakoaCrypto,Hildakoaü©∏,False,2022-02-08 16:25:05+00:00,34 days 12:46:19.538710,34,,"Founder at @kahirunft Crypto investor, believer of the massive adoption of this technology and the metaverses. New account for new projects and crypto analysis",[],754,0,22.176470588235293,132,"['Gagansaini1515', 'LetterAe02', 'floflogirl12', 'Dubious_NFT', 'ohotnitsa_ania', 'vazenft', 'Nxxn6duti', 'samsamsam88811', 'BestInvest20', 'ET13837674', 'joluchuM', 'Foxtrailz', 'ledys1818', 'polutrupp', 'johnpico34', 'ChesuinOfficial', 'claffy123', 'SBohriga', 'DOWNJA6600', 'Pulkocitruzz', 'beslik_9842', 'Denchick_Nft', 'sisikox3', 'Rams__Daily', 'AlimMobin', 'DogecoIn_123', 'Vasya43142931', 'Vladimi95708956', 'GucciSachs', 'MITFIpushinP', 'icedudde', 'nervz85', 'zxcdpd', 'protonith', 'DmacNFT', 'cyber_Danya', 'Sot_NFT', 'Dalerdaler22']",19.56,403.3,"['bpotter61', 'BlasGA', 'dlatorrestudio', 'kahiruNFT', 'HodeiPiquer', 'oceans21k', '77Mateuszz', 'Hermanncap1', 'taras_eth', 'Aitzolarev']"
66,Crypto1nvestNFT,INVESTORS HUB üìä,False,2014-02-18 04:56:20+00:00,2947 days 00:15:05.269076,2947,https://t.co/rglpqYOceb,The best place to find new and exciting projects üöÄ of all sorts üíé | DYOR #NFT #BNB #AVAX #ETH #TRX | English üá∫üá∏| Spanish üá™üá∏,[],106882,3,36.26806922293858,20768,"['ApesWorld_Web3', 'GreatMasquerade', 'creationnft_eth', 'TheJailHelmets', 'CryptoTigerBtc', 'CryptoWolfEth', 'GoldenBearNFT', 'thenovatar', 'thefirstkindnft', 'Crypto1nvestNFT', 'Nftwolf52', 'cryptogem52', 'cryptojesus52', 'MrEthPromoter', 'toastpunk', 'Supremekongnft', 'RealSolSeals', 'MohimaGame', 'WildKangarooC', 'MoonYourNFT', 'zero69eth', 'metaspherehq', 'LilyBudsNFTart', 'SolandersNFT', 'Chromo_promo', 'DancingDeerNFT']",23.367346938775512,47.795918367346935,"['bricktopians', 'BillyM2k', 'LostLegendsnft', 'SurrealsNFT', 'SuperWomen_NFT', 'SammyArriaga', 'TheJailHelmets', '500px', 'creationnft_eth', 'BrnToken', 'GreatMasquerade', 'thewhitelistio', 'suitskeletons', 'boredaigallery', 'apesonethereum', 'andre97almeida', 'safuuprotocol', 'toastpunk', 'Death_atSpace', 'prototype5656', 'RYourslegit', 'GoldenBearNFT', 'fuglycreatures', 'ChonkzNFT', 'meta4ickal', 'OurBroward', 'CyberPlanes', 'NFTLover34', 'invisbleapes', 'SkylumSoftware', 'datadopenft', 'HeadsAlien', 'MxGarnero', 'outlaws_nft', 'joshwax_', 'officialboredAi', 'HybridFacti0ns', 'Mrym_nft', 'opensea', 'DerpyToshiCoin', 'lilbabyfrens', 'Voxels_NFT', 'univmoney', 'NFTBINGOGAME', 'sloikaxyz', 'TheTrashPiles', 'ApesWorld_Web3', 'btcjoint', 'thenovatar', 'Joshua_Squashua', 'WAGMIgrowhouse', 'NftRated', 'tchebotarev', 'lordbeardeth', 'IntelGamer504', 'MrEthPromoter']"
67,Airdrop_Exp,Airdrop - Free Crypto (For All),False,2021-02-25 07:26:50+00:00,382 days 21:44:35.997325,382,,Missed UniSwap/1inch Airdrop? Looking for New Airdrops? We help you find the best crypto airdrop! | Project Promo | üì© DM on Twitter / DM here - https://t.co/cLxTUjBLH0,['https://t.co/cLxTUjBLH0'],158586,3,415.14659685863876,47,"['TheCryptoDog', 'TheCryptoLark', 'MMCrypto', 'JOJOMetaverse', 'AncientKingNft', 'multinft', 'AxlToken', 'CryptoDiffer', 'suigeneris_meta', 'CorinneMRiley', 'elonmusk', 'Apple', 'Coinswap_', 'TheMoonFlight', 'BulldogSwap', 'hcwangiaw', 'binance', 'Muaz13504', 'RizalCoin', 'Shibtoken', 'whalefall_WHALE', 'CryptoFinally', 'egyleriki', 'mohamad57504029', 'QuangHu39727045', 'BrownJa86180393', 'mikel_pratama', 'Sahid29182206', 'Im44356366', 'Cryptoheaven9', 'jinmu2009', 'ZeeZyan', 'BWoodpacker', 'Raydric911', 'Kumsklaw4']",501.42,2539.48,"['nftarenas', 'Cryptorodnft', 'PlayWizardia', 'Web4Project', 'BitfuryGroup', 'xuxinshabi', 'elonmoonspace', 'yangwan5566', 'meow_finance', 'REALSWAK', 'ShremHouse', 'FCC98783078', 'RichverseWeb3', 'Cryptohunterann', 'JOJOMetaverse', 'log_games_', 'AncientKingNft', 'AxlToken', 'Monster_Saga', 'chenjac49827229', 'MetaphoXanadu', 'kHETxAAzmMb9ZTC', '3', 'MetakingsAI', 'multinft', 'CoinMarketCap', 'TheBinanceNFT', 'Novaland_io', 'BrianBrooksUS', 'BoxRingGames', 'UltramanNFTs', 'MetaInsurgent', 'Karmaverse_io', 'XTexchange', 'GariToken', 'LiveTrade_io', 'Multiverse_Muer']"
68,cryptotmms_g,TMMS,False,2021-07-19 14:37:41+00:00,238 days 14:33:45.689970,238,https://t.co/X132ZkglDE,"Crypto and NFT.  
@TronNinjas team. Moderator in @sad_girls_bar and @OfTheNightClub üåà
Always looking for NFTs and new crypto projects.",[],11120,2,46.72268907563025,1349,"['TronixTrx', 'RebelsMansion', 'kal3chip', 'sulyn56203674', 'smayyy__', 'DMcWildCoffee', 'M_a_xxx_83', 'lazylions8710', 'GlamBeckettArt', 'hantothemoon', 'trondao', 'SeeTuesday', 'GirlsRidingNFT', 'OfTheNightClub', 'pettycash777', 'sad_girls_bar', 'friedlambchops', 'Roisin25568574', 'MariePeyre6', 'TronNinjas', 'hall_juno', 'StudioBrooke', 'wishervodka', 'MetaCoast', 'Rig0r1', 'PictureDayNFT', 'jeffreyvogt82', 'SheltonTaylor33', 'unicorndao_xyz', 'nikkotm_', 'GinaPalmerinArt', 'CMuheize', 'MelissaRowley', 'Ericcg7']",1.26,14.3,"['cryptoskulls', 'BrownMoneyDoll1', 'sliztoonz', 'GinaPalmerinArt', 'Sothebys', 'MelissaRowley', 'MCUMarketplace', 'sad_girls_bar', 'MetaCoast', 'unicorndao_xyz', 'KelevraKing', 'randizuckerberg', 'wishervodka', 'Nicky73114503', 'ThankYouX', 'SnoopDogg', 'RebelsMansion', 'NotYourBroNFT', 'debsoon', 'BLUEOR1G1N', 'cryptotmms_g', 'ERALoRnft', 'PictureDayNFT', 'lazylions8710', 'GirlsRidingNFT', 'OfTheNightClub', 'tronpulseio', 'niftyturbans', 'courtneydisco', 'GeekNYWoo', 'StudioBrooke', 'TronNinjas', 'friedlambchops', 'hantothemoon', 'Rig0r1', 'M_a_xxx_83']"
69,Crypto_World_z,CRYPTO SHILLER,False,2021-10-26 16:30:12+00:00,139 days 12:41:15.412741,139,,"We dedicate to research new crypto projects. Not a Financial Advice, Do your own research. 
DM for partnerships for free.",[],16336,2,117.5251798561151,46,"['Crypto_World_z', 'VulcanP2E', 'Uniswap', 'ABCrypt93363300', 'AGuyHasNoName17', 'Elmi084', 'Dwizahro3', 'ManuelEDiazV', 'ROKANMI18']",17.92,78.76,"['DahBishop', 'xrpdroid', 'MMCrypto', 'xstackcoin', 'XRPjenna', 'Uniswap', 'omeragoldberg', 'ConnorYMartin', 'calm_dao', 'BitcoinFear', 'Nkematics', 'FloridamanNft', 'uniyj1', 'XUHunihive', 'onchainwhales', 'XRPLRainforest', 'StaykX_', 'TheMoonCarl', 'XrpKatana', 'xrpltool', 'VulcanP2E', 'myalgo_', 'Deconder12', 'Joanna7459', 'XparrotsNFT', 'XRP_Airdrops', 'XscapeNFT']"
70,newwprojects,New Projects - Crypto Ó®Ä,False,2021-09-02 14:33:29+00:00,193 days 14:37:59.107265,193,,Yeni Projeleri Ara≈ütƒ±rƒ±p En Kƒ±sa S√ºrede Derleyen Hesap. Yeni Listelemeler - Gem Coin Ara≈ütƒ±rmalarƒ± ve Daha Fazlasƒ± ‚≠ê DM For Promo üì©,[],18872,2,97.78238341968913,1088,"['piyasaanaliziii', 'coindoktorunuz', 'metaverseniz', 'newwprojects', 'MarsAtlass', 'yugiiooh', 'ilaydailekripto', 'KriptoCapris']",159.52,58.54,"['CakirbeyNusret', 'MarsAtlass', 'KriptoCapris', 'kriptoburcu1', 'DreamversePro', 'Bullieverse', 'piyasaanaliziii', 'AmaraFinance', 'kucoincom', 'TheNestArcade', 'thewastedlands', 'AxlToken', 'coindoktorunuz', 'newwprojects']"
71,CryptoCallerz,Crypto Callerz. We research and call the next gem.,False,2017-01-26 15:07:19+00:00,1873 days 14:04:09.730660,1873,,"Dedicated to researching new crypto projects. DM for partnerships.

Panda Girl Investor and Believer! $PGIRL.

Not financial advice. Do your own research.",[],38343,2,20.47143619861185,280,"['Sinue_jim', 'PandaGirlToken', 'AstroShitCoin', 'evgenyres', 'Bradley_Mamba24', 'CryptoCallerz', 'KeepUpPlayah', 'dpsol', 'CryptoEmpire11', 'CoinMarketCap', 'vaincre_la_SLa', 'Light48245684', 'Zaid23603170', 'Saed_1980', 'mycoins45', 'DGilTM', 'RahulPR7', 'Cryptokatoka', 'PDaycent', 'CH_Freya', 'ArtsBinary', 'Cardon_Saguaro', 'YogeshLal15', 'izharkasi1', 'bitcoinovic', 'cryptogr80']",1.5,60.04545454545455,"['CryptoWilson786', 'elonmusk', 'SilvrHazeYoko', 'McDonalds', 'AstroShitCoin', 'PandaGirlToken', 'evgenyres', 'Mrkanenas420', 'Sinue_jim', 'pinkecosystem']"
72,CryptoGemsNFT_,BIT GEMS Íï•,False,2012-07-04 02:22:48+00:00,3541 days 02:48:41.447478,3541,,Bitgem brings you an insider üïµÔ∏è‚Äç‚ôÄÔ∏è Look on all new crypto related projects üíé üì• Dm to Promote your project üöÄ | #Btc #Bnb #Eth #Defi #Giveaway #Terra |,[],1010003,4,285.2310081897769,5057,"['Eth_Promoter', 'AshwinBadri2', 'SpaceAstroBtc', 'tommywheelart', 'SharksCoins', 'CryptoGemsNFT_', 'CrayonKevinNFT', 'TiggerFinance', 'GoldenBrosNM', 'ThecatWorldx', 'Biswap_Dex', 'bsc_daily', 'Bobatama', 'coinkitten1', 'byatongcn', 'CAR_DAO1', 'TheLandlordArmy', 'HainoRuler', 'thenovatar', 'RememberNFT', 'MariaLopezNft', 'Crypto_Pand4']",125.74,259.94,"['CorsacV2tribe', 'CiervoGems', 'Supremekongnft', 'Bobatama', 'WhenMarketing', 'theimnium', 'bushido', 'BNBCHAIN', 'TheGoblinsNFT', 'Cryptogemsguru', 'CAR_DAO1', 'gate_io', 'bsc_daily', 'GoldenBrosNM', 'royalmnofficial', 'CRYPTOVERSE_18', 'Crosschainfarm', 'bscscan', 'Eth_Promoter', 'GemHunter_100x', 'YONWORLD7', 'NewFT_Projects', 'DogequeenBSC', 'landlord_token', 'CorsacV2', 'news_of_bsc', 'PancakeSwap', 'Biswap_Dex', 'toastpunk', 'safuuprotocol', 'SmartBSCNews', 'cryptogems555', 'coinkitten1', 'RememberNFT', 'royalpantheremp', 'CrayonKevinNFT', 'cryptochampi0ns', 'EliteNerdzClub', 'AltCryptoGems', 'AshwinBadri2', 'PerkyPenguinNFT', 'TheBinanceNFT', 'ConnectorCoin', 'TheLandlordArmy', 'SharksCoins', 'ThecatWorldx', 'SpaceAlbertVIP', 'WealthyPandaNFT', 'power_i0', 'BscProjectOrg', 'petpawsnft', 'HainoRuler', 'MarilynMonroe', 'TiggerFinance', 'thenovatar', 'Cobra_NFT', 'tommywheelart', 'TheBlindClubNft', 'BigBizWorld', 'koonimalsnft', 'REBEL_BOTS', 'Krypto_masters']"
73,bricepromos,CryptoBrice,False,2010-01-29 07:18:36+00:00,4427 days 21:52:54.170599,4427,https://t.co/LdNDCghhqV,RTs/Likes/Posts ‚â† Not Advice | @bricewinners | #BSC #TRX #XRP #BTC #BNB #AVAX #NFT #ULTI VOUCH : #legitkerem,[],227832,3,51.46419697311949,645,"['thenovatar', 'Teeird', 'sneakerheadsoff', 'UltiArena', 'macguyvermedia', 'CryptoKemal', 'GlazeCrypto', 'CompBrosCrypto', 'SombraNetwork', 'A100888', 'ladyincrypto', 'KalataOfficial', 'BenCaselin', 'socialbrice_', 'yangbikinkangen', 'Zomfitoken', 'cryptowallcity', 'VulkaniaApp', 'Verox_AICrypto', 'Bang_Garr', 'Wizardara', 'missufe', 'everlensnft', 'rhymecityxwin00', 'October__Wins_', 'angel_funsized', 'GiveAwayHost', 'TurboXBT', 'cigdemoztbk', 'BNBCATBSC', 'jjencityx']",164.06,833.58,"['pitchmaknae_', 'MDJClubNFT', 'dmcarxwincityx', 'yajjiigu', 'Bigwin88Oyee7', 'YoleeUniverse', 'bricewinners', 'bricepromos', 'KeplerHomes', 'MetaverseMoon', 'subakcityx_', 'GlazeCrypto', 'TFG_NFTS', 'SaptaLucky777', 'AmazingDogeBsc', 'metarabbitclub', 'veeyxb', 'VCGamers_io', 'Davidmysonny', 'WOHLSTANDCEX', 'BenCaselin', '3DMFER', 'cityizhanxx', 'MetaHousebsc', 'de_arasyy7', 'ihellowyeoppo', 'imwinluckyx_', 'polylastic', 'indodax']"
74,GemsScope,GemsScope,False,2021-06-24 13:07:16+00:00,263 days 16:04:14.865041,263,,"#NFTs #Crypto ScoperüòçTrader #Hodler |My tweets are just my opinions,Always #Dyor Not Financial Advise| #GemsScopeFam",[],103545,3,393.70722433460077,15429,"['Xealot123', 'magnus4497', 'ninjabearsNFT', 'BadassApeNC', 'GemsScope', 'InvsbleLanders', 'WarriorsvAliens', 'PixelGorillaClb', 'poorrichboys', 'SourPicklesNft', 'metawizardsnft', 'kriptoanna', 'ToTheSkiesLimit', '764Gugus', 'itschandan17', 'Beeyonders', 'bb9753111', 'QuantumEraNFT', 'CyberVampsNFT', 'zeoynepwtooku2', 'royalpantheremp', 'PeyarnA_badak', 'BjTeuku']",93.04,411.18,"['whaleboxNFT', 'CryptoCatPunks_', 'CyberVampsNFT', 'anne_billena', 'thewhitelistio', 'TribeQuokka', 'FratApesParty', 'kriptoanna', 'nursen_nft', 'claudiuNeagu11', '2053000h', 'royalpantheremp', 'Beeyonders', 'GemsScope', 'EliteNerdzClub', 'MetaZork_nft', 'Agnaryst', 'NekoryMoonlight', 'A0Cqxto5G8G0kAm', 'TokenBoyCollect', 'Somsberry', 'TravelLifeLove', 'FernandezColinn', 'CoolNameLiving', 'Annatrades4life', 'g9_sut', 'RmolloyD', 'bb9753111', 'Alleykatznft', 'ninjabearsNFT', 'tinyplanets_', 'Beraatd17', 'ac20567ck', 'NextFuTureMint', 'Aerox15555', 'SadBearsClubNFT', 'Jeep9d', 'seekersnfts', 'Cuter007', 'Bushido_Society', 'TelfordAbbie', 'Do011001', 'KeremGuzel21', 'kr4yb', 'ChiefKeef', 'UnapologeticApe', 'DaftPunk1m', 'ToTheSkiesLimit', 'LK_PAS_', 'NickCor14719981', 'sani96798883', 'speedycrypto7', 'SourPicklesNft', 'Headless_Soc', 'NftKaori', 'DilsahRal', 'DFrimans', 'BeavisNFTs', 'magnus4497', 'birazhirs08', 'TheMadDogzNFTs', 'ppplove23', 'InvsbleLanders', 'WarriorsvAliens', 'Bbbbbbssssss222', 'AstronotsETH', 'TheOnlyJoeKane', 'JinGossips', 'STDevilsNFT', 'GBRazvan', 'pkmpkmnft', 'Avaxtrader11', 'ZuzuxNFT', 'SuperlativeApes', 'CryptoN33084292', 'Restako1', 'ThundersCrypto', 'DarthGenius7', 'Jasmineyou999', 'elifssarix', 'marcoturini', 'baaaaldperson', 'Rogemsto', 'BadassApeNC', 'SatcoinSonofBTC', 'mertyvs11', 'MoonApeLab', 'WarriorsOfAnkh', 'RaginPatel4', 'Babolex', 'ZKenpacchi', 'zeoynepwtooku2', 'Maddyy1314', 'TheArmadillos', 'poorrichboys', 'PopUiuiuiuiui', 'Lynna_Funari', 'metawizardsnft', 'TheMetaTribes', 'QuantumEraNFT', 'k4ijaja', 'NFTenigmatic', 'SugarClan69', 'B0risss178', 'LeonardWSL1', 'YCRmaster', 'PixelGorillaClb', 'Dayok42']"
