,user_mentions,favorites_users
0xBoomerDoomer,1.0,1.0
0xCY_,1.0,1.0
0xJobin,1.0,1.0
0xPolygon,4.0,1.0
0xRadar,1.0,1.0
0xStryker,2.0,1.0
0xTGC,1.0,1.0
0x_angler,2.0,1.0
0xtuba,1.0,1.0
100XCryptoGem,2.0,2.0
100trillionUSD,1.0,1.0
1goonrich,12.0,9.0
1lunaaaa,1.0,1.0
5ireChain,2.0,1.0
930Kremer,1.0,1.0
A100888,1.0,2.0
AJ_cryptoo,1.0,1.0
AP,1.0,1.0
APompliano,2.0,3.0
ARonalgor,1.0,1.0
ATNuclear_NFT,1.0,1.0
Abou_Sidra_,1.0,1.0
AdamEShelton,3.0,1.0
AdorableHeroes,1.0,1.0
AirpayFinance,5.0,5.0
Aishatu__Gimba,1.0,1.0
Ajoobz,1.0,1.0
AkinoInuGlobal,2.0,2.0
Aldo7412,1.0,1.0
AlexNodeLife,1.0,1.0
Alf_alf_a,1.0,1.0
AlgodTrading,3.0,1.0
AlgogemShillers,1.0,1.0
AltCryptoGems,5.0,8.0
AltGemHunter,1.0,2.0
AltcoinDailyio,8.0,6.0
AltcoinGordon,3.0,9.0
AltcoinWorldcom,2.0,3.0
Altcoin_Mark,2.0,1.0
AmboGhostie,1.0,1.0
AncientKingNft,3.0,1.0
AndikaKannazuki,1.0,1.0
Andrew92SG,1.0,1.0
AndromedaToadz,2.0,1.0
AngelicTheGame,1.0,1.0
AnmsNft,1.0,1.0
ApeFundOfficial,1.0,1.0
ApesWorld_Web3,1.0,1.0
Apple,1.0,1.0
Aquib370,1.0,1.0
Aras2KRG,1.0,1.0
ArchanNair,1.0,1.0
ArchieNeko_,1.0,1.0
ArtvisionNFT,1.0,1.0
AshleyDCan,2.0,2.0
AshwinBadri2,1.0,1.0
AstroShitCoin,1.0,1.0
AtlasCloud__,1.0,1.0
AugmentedUniver,2.0,1.0
AurelienOhayon,1.0,1.0
AuzsomeAustin,1.0,2.0
AxlToken,3.0,1.0
BAYC2745,2.0,1.0
BKEXGlobal,1.0,1.0
BKL1023,1.0,1.0
BNBCHAIN,2.0,4.0
BNBShiba,2.0,1.0
BSCCatBoy,1.0,1.0
BSCGemAlert,1.0,5.0
BSCGemsAlert,6.0,5.0
BSCGemsx100,1.0,4.0
BSCGrimaceCoin,3.0,3.0
BTCTN,1.0,2.0
BTC_Archive,5.0,5.0
BUSDBuffet,2.0,1.0
BabyCatcoinBSC,1.0,2.0
BabyDogeCoin,7.0,1.0
BabyDogeGem,1.0,1.0
BabyDogeReports,1.0,2.0
BabyWhaleOF,2.0,1.0
BackstageBks,1.0,1.0
BadassApeNC,1.0,1.0
Bagremaraz,1.0,1.0
BahmanBagheri11,1.0,1.0
BalaNft,1.0,1.0
BananaTFA,1.0,1.0
Bang_Garr,1.0,3.0
BarudakBitcoin,1.0,1.0
BeastBullClub,1.0,1.0
Beeyonders,1.0,1.0
BenCaselin,1.0,1.0
BetDaoOfficial,3.0,3.0
BigShibaInu,2.0,1.0
BillyM2k,2.0,2.0
BirdBroToken,1.0,1.0
Biswap_Dex,1.0,1.0
BitMartResearch,1.0,1.0
BitRivals,1.0,1.0
BitcoinFear,3.0,4.0
BitcoinMagazine,10.0,8.0
Blockworks_,3.0,6.0
Boar_War_NFT,2.0,2.0
Bobatama,11.0,4.0
BodaToken,1.0,2.0
BoredApeYC,2.0,1.0
BoredOtterClub,1.0,1.0
Bozumon,1.0,1.0
Breach_GG,1.0,1.0
BrianDColwell,1.0,1.0
BronzedCrypto,1.0,2.0
Brooks92266313,1.0,1.0
BrosManager,1.0,1.0
BscGemSniper,1.0,3.0
BscGemx100,1.0,1.0
BscProjectOrg,2.0,1.0
BulbFi,2.0,1.0
Bushido_Society,8.0,4.0
Bybit_Official,2.0,1.0
CAR_DAO1,2.0,1.0
CATMuskCoin,3.0,1.0
CRE8RDAO,1.0,1.0
CRYPTOCHARlZARD,1.0,1.0
CalaxyApp,1.0,1.0
CargoLinkCLX,4.0,1.0
CarniClemenza,1.0,1.0
CashBro_303,1.0,1.0
Cashbro100x,1.0,1.0
CatFunToken,2.0,2.0
CatMetis,1.0,1.0
Catcoinbsc,2.0,1.0
CatsRaceBSC,4.0,2.0
CatwitchCoin,1.0,1.0
CeladonCoin,1.0,1.0
ChadCaff,1.0,1.0
ChainWarsgg,1.0,1.0
CheemsInu,9.0,4.0
ChinaPumpWXC,6.0,2.0
ChoiceCoinAlgo,1.0,1.0
ChoiceCoinDAO,1.0,1.0
Chrisss_sol,1.0,1.0
ChronicDetecti2,1.0,1.0
CityMonks,1.0,1.0
ClimeToken,1.0,1.0
Cnote203,2.0,2.0
Coin98Analytics,1.0,1.0
CoinDesk,1.0,1.0
CoinMarketCap,10.0,8.0
Cointelegraph,1.0,1.0
CometCalls,9.0,10.0
CompBrosCrypto,1.0,3.0
ConnectorCoin,2.0,1.0
CrayonKevinNFT,1.0,1.0
CredibleCrypto,1.0,2.0
CropBytes,1.0,1.0
CrossTheAges,1.0,1.0
CrowdFiETH,1.0,1.0
Cruise__NFT,1.0,1.0
CrypGenix,1.0,1.0
Crypt0_Dr43ms,1.0,2.0
Crypt0kyuubi,1.0,1.0
Crypt_o_Rico,1.0,1.0
Cryptic_Maestro,3.0,3.0
CryptoBarnuts,1.0,1.0
CryptoCommandr,1.0,2.0
CryptoDefiGems,1.0,1.0
CryptoDiffer,1.0,2.0
CryptoDuffleBag,1.0,1.0
CryptoFamilyOz1,1.0,1.0
CryptoGareth369,1.0,1.0
CryptoGem_15,1.0,1.0
CryptoGems001,2.0,1.0
CryptoGemsCom,4.0,3.0
CryptoGemsNinja,1.0,1.0
CryptoGenie99,1.0,1.0
CryptoGirlNFT_,1.0,1.0
CryptoGreyy,1.0,1.0
CryptoGrizman,1.0,2.0
CryptoLadyNinja,1.0,2.0
CryptoLokii,1.0,1.0
CryptoMANjiiro1,1.0,1.0
CryptoMaxine,2.0,2.0
CryptoMichNL,2.0,2.0
CryptoPopBrand,2.0,2.0
CryptoPoseidonn,1.0,1.0
CryptoRank_io,1.0,1.0
CryptoRhum,1.0,1.0
CryptoSavingExp,1.0,2.0
CryptoSuperApe,3.0,1.0
CryptoWhaleinfo,1.0,1.0
CryptoWizardd,1.0,2.0
Crypto_Penn,1.0,1.0
Crypto_ScottyT,1.0,1.0
Crypto_ZeroFi,3.0,1.0
Crypto_ladd,1.0,1.0
CryptoaaService,1.0,1.0
Cryptogemsguru,2.0,2.0
Cryptogeniusgem,1.0,1.0
Cryptolodian,1.0,1.0
Cryptonftgems,1.0,2.0
Cryptoscreen_en,1.0,1.0
CryptoverseVIP,1.0,1.0
Cwincapital,1.0,1.0
CyberVampsNFT,1.0,1.0
DANCEMONKEYBSC,1.0,1.0
DFSMAFIA99,1.0,2.0
DaCryptoGems,3.0,3.0
DaCryptoGeneral,4.0,4.0
DaCryptoWhale,1.0,2.0
DamilolaOlu,1.0,1.0
DammnThatsCrazy,1.0,1.0
DarkFrontiersGS,1.0,2.0
DarkSolArt,1.0,1.0
DarkforestNodes,1.0,1.0
DarrenPromoter,2.0,2.0
Darrenlautf,1.0,1.0
Davincij15,1.0,2.0
DazaiCrypto,1.0,1.0
Dcrypto25,1.0,1.0
DeFi_Horse,1.0,1.0
DeFiatoOfficial,1.0,1.0
DeGodsNFT,5.0,1.0
DeHealth_World,1.0,1.0
DeItaone,1.0,1.0
DeadKnight_SOL,3.0,1.0
DeadRejcts,1.0,1.0
DefiantLs,1.0,1.0
DegenFaragu,1.0,1.0
DegenHeroesNFT,1.0,1.0
Dennis_Porter_,3.0,1.0
Dentinmyhead,1.0,1.0
DiveWallet,2.0,1.0
DjPrestigeUk,1.0,1.0
DocumentingBTC,1.0,2.0
DogePunkBsc,3.0,1.0
DonMakaveliTv1,1.0,1.0
DoodledLlama,1.0,1.0
DopeVoyage,1.0,1.0
Doy1eee,1.0,1.0
DpadFinance,6.0,1.0
DragonEggGame,1.0,1.0
DrewCrypto101,1.0,1.0
DudiBrown,1.0,1.0
DxSpotOfficial,1.0,1.0
EPICBEASTnft,1.0,1.0
EXA_DARK_SIDE,3.0,2.0
Eagles,1.0,1.0
EarnElexir,2.0,1.0
Edenluucas1,1.0,1.0
EdwinYofrendy,1.0,1.0
Element_Market,1.0,1.0
Elizabe03699337,1.0,1.0
Eljaboom,5.0,5.0
ElvantisGame,1.0,1.0
Elypse2021,1.0,1.0
ElzWorthBentley,1.0,1.0
EmersonDickie,1.0,1.0
EsteNFT,1.0,1.0
Eterna_Hybrid,2.0,2.0
Eth_Promoter,1.0,1.0
EthernityChain,2.0,1.0
Euronin_io,2.0,2.0
EverRise,1.0,1.0
Everdome_io,1.0,1.0
ExLabsCo,1.0,1.0
FEGtoken,7.0,1.0
FLOOF_SOLANA,1.0,1.0
FOMOTheGameShow,1.0,1.0
FTMReaperOG,1.0,1.0
FTM_MAXI,1.0,1.0
FTX_Official,1.0,1.0
FannyXZN,1.0,1.0
FantasyRealmStu,1.0,1.0
FantohmDAO,1.0,1.0
FantomBOYbyVB,1.0,1.0
FantomFDN,4.0,1.0
FantomIAm,1.0,1.0
FantomPunks,1.0,1.0
FantomWatchNFTs,1.0,1.0
FhfcVamp,1.0,1.0
FinanceChainge,1.0,1.0
FireDoge_Team,1.0,1.0
FitScrypt,1.0,2.0
FlowerFamNFT,2.0,1.0
FossyGFX,1.0,1.0
FrancePrimexbt,2.0,2.0
Free_Patriot76,3.0,1.0
FrenchDegen,1.0,1.0
Future7772021,1.0,1.0
GHLtoken,1.0,1.0
GWSFinance,1.0,1.0
GalaxyHeroesGHC,4.0,2.0
Gem_Catcher_G,1.0,1.0
GemlinkT,2.0,1.0
GemsAndGoblins,2.0,2.0
GemsFinderr,1.0,1.0
GemsScope,3.0,2.0
Gemx10000,1.0,2.0
Geopoly_Game,1.0,1.0
GetDolphin,1.0,1.0
GinaPalmerinArt,1.0,1.0
GirlsRidingNFT,1.0,1.0
GlazeCrypto,2.0,3.0
GoCryptoMeCoin,1.0,2.0
GoldenBearNFT,1.0,1.0
GoldenBrosNM,3.0,1.0
Grandbazario,1.0,1.0
GreatMasquerade,1.0,1.0
GrimaceHodler,1.0,1.0
GroveToken,2.0,1.0
GuinyPromotes,1.0,1.0
HGTPMichael,1.0,2.0
HainoRuler,2.0,1.0
HanzoHasashiOf1,1.0,1.0
Heatherfernsby,1.0,1.0
HelloAnimverse,2.0,1.0
HemingwayClint,1.0,1.0
HeroBookGlobal,1.0,1.0
HeroesChained,3.0,1.0
Heto_finance,1.0,1.0
HiBIGG7,1.0,1.0
HiBlockTalks,1.0,1.0
HiNeighbours,1.0,1.0
Hiraeth_1726,1.0,1.0
HordeTweets,2.0,2.0
HorsesxWolves,1.0,1.0
Hotbit_news,1.0,2.0
HouseOfFinns,1.0,1.0
HungoverApesPC,1.0,1.0
HuobiGlobal,5.0,5.0
HuobiSg,1.0,1.0
HuobiWallet,1.0,1.0
Huobi_India,1.0,1.0
Husseinnn_A,1.0,1.0
HydraMeta_org,2.0,1.0
HydroBlockchain,1.0,1.0
IccyAj,1.0,1.0
IcedKnife,2.0,2.0
Imaginary_Ones,1.0,1.0
Imhotep_eth,1.0,1.0
ImmortalEth,1.0,1.0
InfiniteLaunch,1.0,1.0
InuKishu,6.0,2.0
InvsbleLanders,1.0,1.0
IsaacWootonn,1.0,1.0
JHarmsworth90,1.0,1.0
JOJOMetaverse,1.0,1.0
JakeGagain,2.0,1.0
JamesPelton18,1.0,2.0
JcThelate,1.0,1.0
JewelCrypt0,1.0,1.0
JiraiyaReal,2.0,1.0
Jjametwinctyx,1.0,1.0
JumperWave,1.0,1.0
JungleKingsNFT,1.0,1.0
KOAnft,1.0,1.0
KibaInuToMars,1.0,1.0
KimDotcom,1.0,1.0
KingsFantom,1.0,1.0
KlocNFT,1.0,1.0
Kommunitas1,1.0,1.0
KongTamaToken,1.0,5.0
KoolKidzArcade,1.0,1.0
KounotoriToken,1.0,1.0
KriptoCapris,1.0,1.0
Kristennetten,1.0,1.0
Krypto_masters,4.0,2.0
Kuncicoin_id,5.0,1.0
Kung_fu_Koalas,1.0,2.0
LaCryptoMonkey,1.0,1.0
LaGorditanum1,1.0,1.0
LadyofCrypto1,2.0,1.0
LayahHeilpern,1.0,1.0
Leyton,1.0,1.0
LilMoonLambo,3.0,1.0
LilTGems,1.0,1.0
LlegitB,1.0,1.0
LoonenJeffrey,1.0,1.0
LoopNetwork3,2.0,1.0
LotusGangNFT,1.0,1.0
Loulanweu,1.0,1.0
MDA0217,1.0,1.0
MDJClubNFT,3.0,1.0
MEXC_Global,6.0,2.0
MMCrypto,4.0,3.0
MMERR0314,1.0,1.0
MMInuOfficial,1.0,1.0
MOBOX_Official,1.0,1.0
M_a_xxx_83,1.0,1.0
MagicCraftGame,2.0,1.0
MaiaDAOMetis,1.0,1.0
Makanai100,1.0,1.0
MandaKongETH,4.0,1.0
MarrtyMcFlyy,1.0,1.0
MarsAtlass,1.0,1.0
MartiniGuyYT,4.0,5.0
Marvin_Inu,1.0,1.0
MattWallace888,1.0,1.0
McDonalds,4.0,1.0
Mdoubleok163,1.0,1.0
MeMaToken,2.0,1.0
MechaChain,1.0,1.0
MelissaRowley,1.0,1.0
MemeTowers,7.0,3.0
MeowC_Official,1.0,1.0
MesiPromotes_,1.0,1.0
MetaApeGang,1.0,1.0
MetaCashBSC,1.0,1.0
MetaCoast,1.0,1.0
MetaGamingGuild,1.0,1.0
MetaKongBSC,5.0,4.0
MetaRaccoon,1.0,1.0
MetaTriads,4.0,1.0
MetagreysNFT,1.0,1.0
Metaminecraft1,1.0,1.0
MetisDAO,5.0,2.0
Micro_tuber,2.0,1.0
Midas_DAO,3.0,1.0
MikeMAXRtoken,1.0,1.0
MindProtocol,3.0,2.0
MinesOfDalarnia,1.0,1.0
Miraz_Aslan,1.0,2.0
Missypromotes,2.0,1.0
ModernSociety33,1.0,1.0
Mohamad81440902,1.0,1.0
MojitoSwap,1.0,1.0
Monkeyf1sh,1.0,1.0
Monsta_Infinite,1.0,1.0
Monster_Saga,1.0,2.0
MoonDogeswap,1.0,1.0
MoonMetaverse_,2.0,1.0
MoonMoonGems,1.0,1.0
MrBeast,1.0,1.0
MrEthPromoter,1.0,1.0
MrNFTexpert,1.0,1.0
MummyPunks,1.0,1.0
MustafaAdanal02,1.0,1.0
N3ighborsNFT,1.0,1.0
N3twrkNFT,1.0,1.0
NASA,1.0,1.0
NEKOBNB,1.0,1.0
NFTCLICK,1.0,1.0
NFTCLICK_DROPS,1.0,1.0
NFTUndrGround,1.0,1.0
NFTshawty,1.0,1.0
NF_s_Teve,1.0,1.0
Nafwyd,1.0,1.0
NetVRk1,1.0,1.0
Nettarenft,1.0,1.0
NeuralPepe,1.0,1.0
Next100XGEMS,4.0,1.0
NoMo_NorMo,1.0,1.0
NoMonkeyBusine4,1.0,1.0
NobodyCaribou,1.0,1.0
NodeBaron,1.0,1.0
NodeSenpai,1.0,1.0
NomadExiles,1.0,1.0
Nopenopenope991,1.0,1.0
NyanCatCoin_BSC,1.0,1.0
ONGGstudio,1.0,1.0
Odin99U,1.0,1.0
OfTheNightClub,1.0,1.0
OfficialBLOKPAD,1.0,1.0
OfficialTravlad,8.0,15.0
OhHaiAndy,1.0,1.0
OhmieStronghodl,1.0,1.0
OilzFinance,2.0,1.0
OkBeary,1.0,1.0
Oncryptobreak,1.0,1.0
OniiEth,1.0,1.0
OnyxTokenBSC,1.0,2.0
Orbitauofficial,1.0,1.0
OzRemihana,1.0,1.0
P2Eaddict,1.0,1.0
PBuutvrij,1.0,1.0
POWERCITYio,2.0,1.0
PPathole,2.0,3.0
PadAcme,1.0,1.0
PancakeSwap,10.0,3.0
PandaGirlToken,1.0,1.0
Phrankie_Luna,1.0,1.0
PictureDayNFT,1.0,1.0
PitDogeOfficial,1.0,1.0
PixelBandsNFT,1.0,1.0
PixelGorillaClb,1.0,1.0
PlantPalsGH,1.0,1.0
PlayAscenders,1.0,1.0
PlayerOneWorld,2.0,2.0
PrimeBunnyPBP,1.0,1.0
ProtonXPR,1.0,1.0
QANplatform,1.0,1.0
QE_society,2.0,1.0
QuantumEraNFT,2.0,1.0
RAFAELA_RIGO_,2.0,1.0
Radomir_West,1.0,1.0
RaidersTomb,1.0,1.0
Ralvero,2.0,4.0
RapidMoonBSC,1.0,1.0
RareFinance,1.0,1.0
RaydiumProtocol,3.0,1.0
RealFlokiCat,4.0,3.0
RealMetaRivals,1.0,1.0
RebelsMansion,1.0,1.0
RematicEGC,1.0,1.0
RememberNFT,1.0,1.0
Remi_Tetot,1.0,1.0
Rig0r1,1.0,1.0
RikkeiFinance,1.0,1.0
Ripple,1.0,1.0
RiskToRiches,1.0,3.0
RoboFiClub,1.0,1.0
Route2FI,5.0,2.0
SAITACrypto,1.0,2.0
SBF_FTX,1.0,1.0
SHIBGEKI,1.0,1.0
SHIBNOBI_KANG,1.0,2.0
SOLgods_,1.0,1.0
SafeVerseBSC,2.0,2.0
SaitokiInu,1.0,1.0
SatorSAO,1.0,1.0
SatoshiBSC,1.0,1.0
ScottLEOWarrior,2.0,4.0
SeaShantiesSol,1.0,1.0
SecondLiveReal,1.0,1.0
SecretSphinxes,1.0,1.0
SeedifyFund,3.0,1.0
SentreProtocol,1.0,1.0
ShamankingInu,2.0,2.0
SharksCoins,3.0,2.0
Shehraz66723285,1.0,1.0
Shelbytokenio,1.0,1.0
ShibInfo,1.0,1.0
ShibInform,1.0,1.0
Shib_nobi,5.0,2.0
ShibaYachtClub_,3.0,2.0
ShibnobiNews,1.0,1.0
Shibtoken,5.0,1.0
Shido_Inu,6.0,2.0
Shill2Earn_Fun,2.0,1.0
ShinjaKoolaid,1.0,2.0
ShinjaToken,2.0,1.0
ShinjaWolve,1.0,1.0
Shinja_moon24,2.0,1.0
Shinjirotoken,3.0,1.0
Shinzillatoken,1.0,1.0
ShitCoinBscGem,2.0,1.0
SimbaWins,1.0,1.0
Sins_Finance,1.0,2.0
Sinue_jim,1.0,1.0
Sir_Tezz,1.0,1.0
SnoopDogg,2.0,1.0
Snow_punkz,1.0,1.0
SocialPrincess7,1.0,1.0
SolanaMoneyBoys,1.0,1.0
SolanaSaplings,1.0,1.0
SolanaSharkTank,1.0,1.0
SoulRebornGame,1.0,1.0
SourPicklesNft,1.0,1.0
SpaceAlbertVIP,2.0,1.0
SpaceEcoSystem,1.0,1.0
SpaceX,1.0,1.0
Sparklingking1,1.0,1.0
SphereDeFi,1.0,1.0
SpintopNetwork,4.0,4.0
Squishy_Crypto,1.0,1.0
Stachowski_,1.0,1.0
Stonedpipez,2.0,2.0
Strongblock_io,4.0,2.0
StudentInu,2.0,1.0
StudioBrooke,1.0,1.0
SunriseGaming_d,1.0,3.0
SuperGiantsnft,1.0,1.0
SuperWomen_NFT,1.0,1.0
Supremekongnft,1.0,1.0
SwapdexO,1.0,1.0
SynergyLandGame,1.0,1.0
THEJUM569,1.0,1.0
TRexNite,1.0,1.0
TamasKalman71,1.0,1.0
TechDev_52,1.0,2.0
Teeird,1.0,1.0
Telegraph,1.0,1.0
Thaitanium156,1.0,3.0
The100xGems,2.0,1.0
TheAltcoinHub,1.0,1.0
TheApeBilly,1.0,1.0
TheBinanceNFT,5.0,3.0
TheBreadMakerr,2.0,1.0
TheCoffeeBlock,4.0,6.0
TheCryptoDoc1,1.0,1.0
TheCryptoDog,3.0,1.0
TheCryptoExpo,1.0,1.0
TheCryptoFenix,1.0,1.0
TheCryptoLark,6.0,3.0
TheDaoMaker,2.0,1.0
TheDreamChain,1.0,1.0
TheEliteCrypto,2.0,3.0
TheJailHelmets,1.0,1.0
TheLandlordArmy,1.0,1.0
TheLondonCrypto,3.0,2.0
TheMidas,1.0,1.0
TheMoonCarl,13.0,12.0
TheRealPlanC,1.0,1.0
TheScroogeToken,2.0,1.0
TheShibLord1,1.0,1.0
TheTrashPiles,1.0,1.0
TheWorstCoin,1.0,1.0
The_Cloud_DAO,1.0,1.0
ThecatWorldx,2.0,1.0
Thecryptomist,1.0,1.0
Tiff_cryptomaxi,1.0,2.0
TigerhoodNFT,1.0,1.0
TiggerFinance,4.0,2.0
TimoJenzer,1.0,1.0
TinFoilFTM,1.0,1.0
Titan_Hunters,1.0,1.0
ToTheSkiesLimit,1.0,1.0
Token_Traxx,4.0,1.0
TopGainbsc,2.0,1.0
TowerVerse,1.0,1.0
Trader_XO,1.0,1.0
Trash_Panda_NFT,1.0,1.0
TronNinjas,1.0,1.0
TunaDin3,2.0,1.0
Turnmemads,1.0,1.0
TurtleMetaverse,1.0,1.0
UkOffy,1.0,1.0
UkaleleCrypto,1.0,1.0
Ukraine,2.0,3.0
Ulkamak1,1.0,1.0
UltorexOfficial,1.0,1.0
Uniswap,1.0,1.0
UpDeFiUp,1.0,1.0
User1620The,1.0,1.0
VD_546,1.0,1.0
VERSONANFT,1.0,1.0
VT6688,3.0,2.0
ViceRatCity,1.0,1.0
VikingPokerDAO,1.0,1.0
VitalikButerin,4.0,1.0
VoltInuOfficial,4.0,3.0
VoxelXnetwork,2.0,1.0
VulcanP2E,1.0,1.0
VulkaniaApp,1.0,2.0
WClementeIII,1.0,1.0
WSGToken,3.0,2.0
WalterInuToken,2.0,1.0
WarriorsvAliens,1.0,1.0
WastedWhales,1.0,1.0
WatcherGuru,8.0,12.0
WaveCharts,1.0,1.0
WazirXIndia,1.0,1.0
Whalesincoming,1.0,2.0
WilliamDaverd,1.0,1.0
WinnieBK5,1.0,1.0
WispersNFT,1.0,1.0
WithoutTheRope,2.0,1.0
WolfBritton,1.0,1.0
WorkMoneyFun,1.0,1.0
XALAQSA,1.0,1.0
XMetaverse_,1.0,1.0
XRshib,1.0,1.0
XeanusMonkeysN,1.0,1.0
Xenos_Giveaway,1.0,1.0
YEMTOP,1.0,1.0
YakuCorp,1.0,1.0
Yellow_Banana_C,1.0,1.0
YetiCoinEth,1.0,1.0
YorkshireInu,1.0,2.0
Yourpop8,3.0,1.0
Z_Humphries,2.0,1.0
ZachBoychuk,1.0,1.0
ZappyFi,1.0,1.0
Zeggyyy1,1.0,1.0
ZeldaInu,2.0,1.0
Zinja_ETH,4.0,1.0
ZinxEth,1.0,1.0
_Simpverse_,1.0,1.0
__Cryptoqueen,1.0,1.0
___habijan___,1.0,1.0
_hcrypto,1.0,1.0
_skateboardkong,1.0,1.0
abba_elnafaty,1.0,1.0
acebooniepr,1.0,1.0
adrian__chamber,1.0,1.0
adroverse,1.0,1.0
ahgasecaratstax,1.0,1.0
alanknit,1.0,1.0
alextapscott,1.0,1.0
allianceblock,1.0,1.0
allyATL,1.0,2.0
altcryptocom,2.0,2.0
alyaaurel2203,1.0,1.0
andredaister,1.0,1.0
angel_funsized,1.0,2.0
ann__itsme,1.0,1.0
anndylian,4.0,1.0
apexnodes,3.0,2.0
arbitrum,2.0,1.0
arby_sol,1.0,1.0
atem_network,2.0,2.0
avajitz,2.0,1.0
avnrich,2.0,2.0
ayangbigwin,1.0,3.0
ayucharlottee,1.0,2.0
azzahro_isna,1.0,1.0
babycheemsinu,2.0,1.0
bb9753111,1.0,1.0
beinlibertarian,1.0,1.0
bellasnfts,1.0,1.0
beyondprotocol1,1.0,1.0
binance,30.0,16.0
bitcoin_queen_,2.0,1.0
brian_armstrong,1.0,1.0
bricepromos,2.0,1.0
bsc_daily,3.0,3.0
bscgems_news,1.0,1.0
btc,1.0,1.0
camiadeluca,1.0,1.0
capekyaasama,1.0,1.0
ccomissioner,1.0,1.0
cerealclubnft,1.0,1.0
chimps_teen,1.0,1.0
chinapumprocket,2.0,1.0
chirocrypto,1.0,1.0
chitaglorya__,1.0,2.0
clashofdoge,1.0,1.0
clear_dao,1.0,1.0
cmsholdings,1.0,1.0
coindoktorunuz,1.0,1.0
coinkitten1,2.0,1.0
coinllectibles,1.0,1.0
commetaverse,1.0,1.0
coodazai,1.0,1.0
core_nodes,3.0,1.0
creationnft_eth,1.0,1.0
creo_engine,3.0,1.0
crogramapp,1.0,2.0
crowfi_,1.0,1.0
cryprules,1.0,2.0
cryptegridy,1.0,1.0
cryptic_rich,1.0,1.0
crypto888crypto,1.0,1.0
crypto_birb,1.0,2.0
crypto_bitlord7,1.0,2.0
crypto_bulls07,1.0,1.0
crypto_coochie,1.0,1.0
crypto_deb,2.0,2.0
cryptocevo,1.0,1.0
cryptogems555,6.0,4.0
cryptojourneyrs,2.0,3.0
cryptokiddo7,1.0,1.0
cryptonathan1,1.0,1.0
cryptopolisgame,1.0,1.0
cryptopunksbot,1.0,1.0
cryptosnake_en,1.0,1.0
cryptowhelp,1.0,1.0
cubo_money,1.0,1.0
cz_binance,23.0,25.0
danheld,1.0,3.0
daometry,1.0,1.0
dav1d_eth,1.0,1.0
davidgokhshtein,9.0,6.0
deagagnerwinx,1.0,1.0
decryptmedia,1.0,2.0
defi_anya,1.0,1.0
deficryptoborg,1.0,1.0
defiyield_app,1.0,1.0
desolateNFT,1.0,1.0
dexynft,1.0,1.0
dippy_eth,1.0,1.0
doge_cola,1.0,1.0
dommadudeMC,1.0,1.0
dontforgetsauce,1.0,1.0
dookiesnft,1.0,1.0
dziubutkus,1.0,1.0
earlycoins,1.0,1.0
elbowslol,1.0,1.0
elonmoonspace,4.0,1.0
elonmusk,26.0,25.0
embersnft,1.0,1.0
engineers_feed,1.0,1.0
enjinstarter,4.0,1.0
enrex_crypto,1.0,1.0
equitycoinbsc,3.0,1.0
estatexeu,1.0,2.0
etherstonesfi,3.0,1.0
evgenyres,1.0,1.0
fhfcnft,1.0,1.0
fightoftheages,2.0,1.0
findurincrement,1.0,1.0
flokieasterbsc,6.0,3.0
focaldefi,1.0,1.0
formingajuan,1.0,1.0
frankdegods,1.0,1.0
friedlambchops,1.0,1.0
ftsmonsterio,3.0,2.0
fud_ruckers,1.0,1.0
funkyfrens,1.0,1.0
gainzxbt,2.0,2.0
galaxy_sidus,1.0,1.0
gate_io,5.0,1.0
gateio_es,1.0,1.0
genius_coin,1.0,1.0
genopets,1.0,1.0
gin_meta,2.0,2.0
gipeweihunter,1.0,1.0
girlgone_crypto,1.0,1.0
gongtongfuyudao,1.0,1.0
goodso1992,1.0,1.0
groprotocol,1.0,1.0
hantothemoon,1.0,1.0
happyhoodiesnft,1.0,1.0
hehe_kev,1.0,3.0
hernanlafalce,2.0,1.0
hiRavenCrypto,1.0,1.0
hiveinvestments,1.0,1.0
hulkordie,1.0,1.0
hunterorrell,2.0,2.0
iam_somusuresh,2.0,1.0
iamnotlucky0,1.0,1.0
imluckysoo,1.0,1.0
inaalat02,1.0,1.0
influencerpoker,1.0,1.0
inkidsnft,1.0,1.0
inmortalcrypto,2.0,1.0
inowlucu,1.0,1.0
intocryptoverse,1.0,1.0
inversebrah,1.0,1.0
jack,2.0,1.0
jackmallers,1.0,1.0
jaehyunncit127,1.0,1.0
jaerapa_,1.0,1.0
jakepaul,2.0,1.0
jmanzi123,1.0,1.0
josefabregab,1.0,1.0
josephdelong,2.0,1.0
junioresbarros,1.0,1.0
kasta_app,1.0,1.0
katanainuHodler,1.0,1.0
kawiboo_,1.0,1.0
kcPinkish,1.0,1.0
keepitlunatic,1.0,1.0
kemall4545,1.0,1.0
kittycoinbsc,3.0,1.0
koolkidsfantom,1.0,1.0
krakenfx,1.0,2.0
krbart5,1.0,1.0
kriptoanna,1.0,1.0
kthluvrwinx,1.0,1.0
kucoincom,9.0,3.0
kuyawat,1.0,1.0
ladycryptogem,1.0,1.0
lagaleriedesNFT,1.0,1.0
lambosoonexpert,1.0,2.0
lancr32,1.0,1.0
launchercoin,2.0,1.0
lazylions8710,1.0,1.0
leslarmetaverse,1.0,1.0
lionkingmindset,1.0,1.0
loungeloversnft,4.0,1.0
macdotsol,1.0,1.0
macguyvermedia,1.0,1.0
magnus4497,1.0,1.0
marilynmonroeji,1.0,1.0
martypartymusic,1.0,1.0
marvin_gain,1.0,1.0
maryamapanda,1.0,1.0
masterpiece_jpg,1.0,1.0
mattysino,1.0,1.0
maxo_speed,1.0,1.0
metalandz,1.0,1.0
metalpaysme,1.0,1.0
metasavagesnft,1.0,1.0
metaweartoken,2.0,1.0
metawizardsnft,1.0,1.0
mi_dutse,1.0,1.0
missufe,1.0,2.0
missuwertyx,1.0,1.0
mjackswap,1.0,1.0
moonwalkcoins,2.0,1.0
multinft,1.0,1.0
mustymuhd,1.0,1.0
myriagames,3.0,2.0
nana_erc20,2.0,1.0
nateliason,1.0,1.0
nekocoinbsc,4.0,1.0
nerian_network,1.0,1.0
netswapofficial,1.0,2.0
news_of_bsc,4.0,1.0
newwprojects,1.0,1.0
nft_zuko,1.0,1.0
ninjabearsNFT,1.0,1.0
nofake_lofyo,1.0,1.0
notbunjil,2.0,2.0
notnataliea,1.0,1.0
nxtg3nz,1.0,1.0
nzTracy1,1.0,1.0
olikeuk,1.0,1.0
oly_sport,1.0,1.0
onlyupc,1.0,1.0
opensea,7.0,1.0
paint_swap,1.0,1.0
pandoraa_x,1.0,1.0
partyhorses,2.0,1.0
penguinkarts,1.0,1.0
piyasaanaliziii,1.0,1.0
plainfacenft,1.0,1.0
playtaunt,1.0,1.0
ponzislayer6,1.0,1.0
poorrichboys,1.0,1.0
pratikdev007,1.0,1.0
prctiu,1.0,2.0
project_euro,1.0,1.0
punch_club_NFT,6.0,3.0
purple1107_,1.0,1.0
raifiorrela,1.0,1.0
rangersprotocol,1.0,1.0
resaalfny,1.0,2.0
retycoons,1.0,1.0
ringfiprotocol,2.0,1.0
riseoftheshaman,1.0,1.0
ritestream_nft,1.0,1.0
robinhood_star1,1.0,1.0
robotshiba,2.0,1.0
rocky_robotics,1.0,1.0
rodrigo_hodl,1.0,1.0
rovercrc,5.0,5.0
royalpantheremp,3.0,3.0
rudavines,1.0,1.0
saba_fotouhi,1.0,1.0
sad_girls_bar,1.0,1.0
safiyyatu92,1.0,1.0
saitanobi,1.0,2.0
saylor,6.0,9.0
scardust_io,1.0,1.0
scottmelker,1.0,3.0
scrooge_coin,3.0,1.0
seekingthrough,1.0,1.0
sfil_io,1.0,1.0
sharkraceclub,3.0,1.0
sherazasif,1.0,1.0
shib_vinci,2.0,4.0
shueyinu,4.0,1.0
shunlinft,1.0,1.0
shyftnetwork,1.0,1.0
sipvalen,1.0,1.0
skawngi,1.0,1.0
slimeballzclub,1.0,1.0
sneakerheadsoff,1.0,2.0
softmoneyinc,1.0,1.0
sol_tkdm,1.0,1.0
sonkies3,1.0,1.0
spencernoon,1.0,1.0
stablekwon,2.0,1.0
stayingpositiv,1.0,1.0
staylowkeyvince,1.0,1.0
steve46166200,1.0,1.0
studalgo,1.0,1.0
syscoin,3.0,3.0
syubvk,1.0,1.0
takegreenpill,3.0,3.0
tapfantasy2021,1.0,1.0
tarunchitra,1.0,1.0
tattoo_inu,1.0,1.0
tbfren,1.0,1.0
tethysfinance,1.0,1.0
theBigRKN,1.0,1.0
the_lonereader,1.0,1.0
theattackwagon,1.0,1.0
thecryptoqueenz,1.0,1.0
thegardenparty,1.0,1.0
theimnium,2.0,1.0
thekriskay,1.0,1.0
thenightrunners,1.0,1.0
thenovatar,6.0,4.0
theparktoken,2.0,1.0
thewastedlands,4.0,1.0
thugturtlenft,2.0,1.0
tinycapp,1.0,1.0
tn_crypto,1.0,1.0
toastpunk,2.0,1.0
tommywheelart,5.0,2.0
toquitistolose,1.0,1.0
town_pin,1.0,1.0
trader1sz,1.0,1.0
trapcapital_,1.0,1.0
tribeonedefi,6.0,1.0
trondao,1.0,2.0
trust_recruit,3.0,1.0
ultramineapy,3.0,3.0
unicorndao_xyz,1.0,1.0
unoreinsure,1.0,1.0
urbanapesociety,1.0,1.0
valkyrie_money,1.0,1.0
vallerynaa,1.0,1.0
variendarkgirl,1.0,1.0
verified,7.0,1.0
viczvenz,1.0,1.0
vincechain,1.0,1.0
vinerstein,1.0,1.0
winneryaa_,1.0,1.0
wishervodka,1.0,1.0
wooxbigwin,1.0,1.0
xApeOfficial,1.0,1.0
xeniatchoumi,1.0,1.0
xrtNFT,1.0,1.0
yangbikinkangen,1.0,2.0
yournangel,1.0,1.0
yusuf101096,1.0,1.0
zachxbt,1.0,1.0
zeoynepwtooku2,1.0,1.0
zhusu,2.0,1.0
